policy_id,scenario_id,road_noise_sigma,turnaround_noise_lambda,seed,penalized_makespan,completion_rate,censored_count
bus_only,no_disruption,0.0,0.0,1,19.85947688567979,1.0,0
bus_only,no_disruption,0.0,0.0,2,19.85947688567979,1.0,0
bus_only,no_disruption,0.0,0.0,3,19.85947688567979,1.0,0
bus_only,no_disruption,0.0,0.0,4,19.85947688567979,1.0,0
bus_only,no_disruption,0.0,0.0,5,19.85947688567979,1.0,0
bus_only,no_disruption,0.0,0.0,6,19.85947688567979,1.0,0
bus_only,no_disruption,0.0,0.0,7,19.85947688567979,1.0,0
bus_only,no_disruption,0.0,0.0,8,19.85947688567979,1.0,0
bus_only,no_disruption,0.0,0.0,9,19.85947688567979,1.0,0
bus_only,no_disruption,0.0,0.0,10,19.85947688567979,1.0,0
bus_only,no_disruption,0.0,0.2,1,19.85947688567979,1.0,0
bus_only,no_disruption,0.0,0.2,2,19.85947688567979,1.0,0
bus_only,no_disruption,0.0,0.2,3,19.85947688567979,1.0,0
bus_only,no_disruption,0.0,0.2,4,19.85947688567979,1.0,0
bus_only,no_disruption,0.0,0.2,5,19.85947688567979,1.0,0
bus_only,no_disruption,0.0,0.2,6,19.85947688567979,1.0,0
bus_only,no_disruption,0.0,0.2,7,19.85947688567979,1.0,0
bus_only,no_disruption,0.0,0.2,8,19.85947688567979,1.0,0
bus_only,no_disruption,0.0,0.2,9,19.85947688567979,1.0,0
bus_only,no_disruption,0.0,0.2,10,19.85947688567979,1.0,0
bus_only,no_disruption,0.0,0.4,1,19.85947688567979,1.0,0
bus_only,no_disruption,0.0,0.4,2,19.85947688567979,1.0,0
bus_only,no_disruption,0.0,0.4,3,19.85947688567979,1.0,0
bus_only,no_disruption,0.0,0.4,4,19.85947688567979,1.0,0
bus_only,no_disruption,0.0,0.4,5,19.85947688567979,1.0,0
bus_only,no_disruption,0.0,0.4,6,19.85947688567979,1.0,0
bus_only,no_disruption,0.0,0.4,7,19.85947688567979,1.0,0
bus_only,no_disruption,0.0,0.4,8,19.85947688567979,1.0,0
bus_only,no_disruption,0.0,0.4,9,19.85947688567979,1.0,0
bus_only,no_disruption,0.0,0.4,10,19.85947688567979,1.0,0
bus_only,no_disruption,0.05,0.0,1,19.966920018461295,1.0,0
bus_only,no_disruption,0.05,0.0,2,19.832491211539168,1.0,0
bus_only,no_disruption,0.05,0.0,3,19.824687154838493,1.0,0
bus_only,no_disruption,0.05,0.0,4,19.85042216522896,1.0,0
bus_only,no_disruption,0.05,0.0,5,19.875164954955913,1.0,0
bus_only,no_disruption,0.05,0.0,6,19.79618200340366,1.0,0
bus_only,no_disruption,0.05,0.0,7,19.82952427711637,1.0,0
bus_only,no_disruption,0.05,0.0,8,19.770047452466216,1.0,0
bus_only,no_disruption,0.05,0.0,9,19.8856364605227,1.0,0
bus_only,no_disruption,0.05,0.0,10,19.809453973770434,1.0,0
bus_only,no_disruption,0.05,0.2,1,19.966920018461295,1.0,0
bus_only,no_disruption,0.05,0.2,2,19.832491211539168,1.0,0
bus_only,no_disruption,0.05,0.2,3,19.824687154838493,1.0,0
bus_only,no_disruption,0.05,0.2,4,19.85042216522896,1.0,0
bus_only,no_disruption,0.05,0.2,5,19.875164954955913,1.0,0
bus_only,no_disruption,0.05,0.2,6,19.79618200340366,1.0,0
bus_only,no_disruption,0.05,0.2,7,19.82952427711637,1.0,0
bus_only,no_disruption,0.05,0.2,8,19.770047452466216,1.0,0
bus_only,no_disruption,0.05,0.2,9,19.8856364605227,1.0,0
bus_only,no_disruption,0.05,0.2,10,19.809453973770434,1.0,0
bus_only,no_disruption,0.05,0.4,1,19.966920018461295,1.0,0
bus_only,no_disruption,0.05,0.4,2,19.832491211539168,1.0,0
bus_only,no_disruption,0.05,0.4,3,19.824687154838493,1.0,0
bus_only,no_disruption,0.05,0.4,4,19.85042216522896,1.0,0
bus_only,no_disruption,0.05,0.4,5,19.875164954955913,1.0,0
bus_only,no_disruption,0.05,0.4,6,19.79618200340366,1.0,0
bus_only,no_disruption,0.05,0.4,7,19.82952427711637,1.0,0
bus_only,no_disruption,0.05,0.4,8,19.770047452466216,1.0,0
bus_only,no_disruption,0.05,0.4,9,19.8856364605227,1.0,0
bus_only,no_disruption,0.05,0.4,10,19.809453973770434,1.0,0
bus_only,no_disruption,0.1,0.0,1,20.0743631512428,1.0,0
bus_only,no_disruption,0.1,0.0,2,19.805505537398535,1.0,0
bus_only,no_disruption,0.1,0.0,3,19.789897423997182,1.0,0
bus_only,no_disruption,0.1,0.0,4,19.841367444778125,1.0,0
bus_only,no_disruption,0.1,0.0,5,19.89085302423203,1.0,0
bus_only,no_disruption,0.1,0.0,6,19.732887121127515,1.0,0
bus_only,no_disruption,0.1,0.0,7,19.79957166855293,1.0,0
bus_only,no_disruption,0.1,0.0,8,19.680618019252655,1.0,0
bus_only,no_disruption,0.1,0.0,9,19.911796035365608,1.0,0
bus_only,no_disruption,0.1,0.0,10,19.7594310618611,1.0,0
bus_only,no_disruption,0.1,0.2,1,20.0743631512428,1.0,0
bus_only,no_disruption,0.1,0.2,2,19.805505537398535,1.0,0
bus_only,no_disruption,0.1,0.2,3,19.789897423997182,1.0,0
bus_only,no_disruption,0.1,0.2,4,19.841367444778125,1.0,0
bus_only,no_disruption,0.1,0.2,5,19.89085302423203,1.0,0
bus_only,no_disruption,0.1,0.2,6,19.732887121127515,1.0,0
bus_only,no_disruption,0.1,0.2,7,19.79957166855293,1.0,0
bus_only,no_disruption,0.1,0.2,8,19.680618019252655,1.0,0
bus_only,no_disruption,0.1,0.2,9,19.911796035365608,1.0,0
bus_only,no_disruption,0.1,0.2,10,19.7594310618611,1.0,0
bus_only,no_disruption,0.1,0.4,1,20.0743631512428,1.0,0
bus_only,no_disruption,0.1,0.4,2,19.805505537398535,1.0,0
bus_only,no_disruption,0.1,0.4,3,19.789897423997182,1.0,0
bus_only,no_disruption,0.1,0.4,4,19.841367444778125,1.0,0
bus_only,no_disruption,0.1,0.4,5,19.89085302423203,1.0,0
bus_only,no_disruption,0.1,0.4,6,19.732887121127515,1.0,0
bus_only,no_disruption,0.1,0.4,7,19.79957166855293,1.0,0
bus_only,no_disruption,0.1,0.4,8,19.680618019252655,1.0,0
bus_only,no_disruption,0.1,0.4,9,19.911796035365608,1.0,0
bus_only,no_disruption,0.1,0.4,10,19.7594310618611,1.0,0
baseline_multimodal,no_disruption,0.0,0.0,1,46.41991672397955,1.0,0
baseline_multimodal,no_disruption,0.0,0.0,2,46.41991672397955,1.0,0
baseline_multimodal,no_disruption,0.0,0.0,3,46.41991672397955,1.0,0
baseline_multimodal,no_disruption,0.0,0.0,4,46.41991672397955,1.0,0
baseline_multimodal,no_disruption,0.0,0.0,5,46.41991672397955,1.0,0
baseline_multimodal,no_disruption,0.0,0.0,6,46.41991672397955,1.0,0
baseline_multimodal,no_disruption,0.0,0.0,7,46.41991672397955,1.0,0
baseline_multimodal,no_disruption,0.0,0.0,8,46.41991672397955,1.0,0
baseline_multimodal,no_disruption,0.0,0.0,9,46.41991672397955,1.0,0
baseline_multimodal,no_disruption,0.0,0.0,10,46.41991672397955,1.0,0
baseline_multimodal,no_disruption,0.0,0.2,1,46.41991672397955,1.0,0
baseline_multimodal,no_disruption,0.0,0.2,2,46.41991672397955,1.0,0
baseline_multimodal,no_disruption,0.0,0.2,3,46.41991672397955,1.0,0
baseline_multimodal,no_disruption,0.0,0.2,4,46.41991672397955,1.0,0
baseline_multimodal,no_disruption,0.0,0.2,5,46.41991672397955,1.0,0
baseline_multimodal,no_disruption,0.0,0.2,6,46.41991672397955,1.0,0
baseline_multimodal,no_disruption,0.0,0.2,7,46.41991672397955,1.0,0
baseline_multimodal,no_disruption,0.0,0.2,8,46.41991672397955,1.0,0
baseline_multimodal,no_disruption,0.0,0.2,9,46.41991672397955,1.0,0
baseline_multimodal,no_disruption,0.0,0.2,10,46.41991672397955,1.0,0
baseline_multimodal,no_disruption,0.0,0.4,1,46.41991672397955,1.0,0
baseline_multimodal,no_disruption,0.0,0.4,2,51.130961727037715,1.0,0
baseline_multimodal,no_disruption,0.0,0.4,3,46.41991672397955,1.0,0
baseline_multimodal,no_disruption,0.0,0.4,4,46.41991672397955,1.0,0
baseline_multimodal,no_disruption,0.0,0.4,5,47.98911732016096,1.0,0
baseline_multimodal,no_disruption,0.0,0.4,6,46.41991672397955,1.0,0
baseline_multimodal,no_disruption,0.0,0.4,7,46.41991672397955,1.0,0
baseline_multimodal,no_disruption,0.0,0.4,8,46.41991672397955,1.0,0
baseline_multimodal,no_disruption,0.0,0.4,9,46.41991672397955,1.0,0
baseline_multimodal,no_disruption,0.0,0.4,10,46.41991672397955,1.0,0
baseline_multimodal,no_disruption,0.05,0.0,1,46.40592500324892,1.0,0
baseline_multimodal,no_disruption,0.05,0.0,2,46.42631627114352,1.0,0
baseline_multimodal,no_disruption,0.05,0.0,3,46.42853232039289,1.0,0
baseline_multimodal,no_disruption,0.05,0.0,4,46.383464232136454,1.0,0
baseline_multimodal,no_disruption,0.05,0.0,5,46.408757510079134,1.0,0
baseline_multimodal,no_disruption,0.05,0.0,6,46.43326200824711,1.0,0
baseline_multimodal,no_disruption,0.05,0.0,7,46.407812452039494,1.0,0
baseline_multimodal,no_disruption,0.05,0.0,8,46.38613993392378,1.0,0
baseline_multimodal,no_disruption,0.05,0.0,9,46.37548213194588,1.0,0
baseline_multimodal,no_disruption,0.05,0.0,10,46.428068064672864,1.0,0
baseline_multimodal,no_disruption,0.05,0.2,1,46.40592500324892,1.0,0
baseline_multimodal,no_disruption,0.05,0.2,2,46.42631627114352,1.0,0
baseline_multimodal,no_disruption,0.05,0.2,3,46.42853232039289,1.0,0
baseline_multimodal,no_disruption,0.05,0.2,4,46.383464232136454,1.0,0
baseline_multimodal,no_disruption,0.05,0.2,5,46.408757510079134,1.0,0
baseline_multimodal,no_disruption,0.05,0.2,6,46.43326200824711,1.0,0
baseline_multimodal,no_disruption,0.05,0.2,7,46.407812452039494,1.0,0
baseline_multimodal,no_disruption,0.05,0.2,8,46.38613993392378,1.0,0
baseline_multimodal,no_disruption,0.05,0.2,9,46.37548213194588,1.0,0
baseline_multimodal,no_disruption,0.05,0.2,10,46.428068064672864,1.0,0
baseline_multimodal,no_disruption,0.05,0.4,1,46.40592500324892,1.0,0
baseline_multimodal,no_disruption,0.05,0.4,2,51.1440431889041,1.0,0
baseline_multimodal,no_disruption,0.05,0.4,3,46.42853232039289,1.0,0
baseline_multimodal,no_disruption,0.05,0.4,4,46.383464232136454,1.0,0
baseline_multimodal,no_disruption,0.05,0.4,5,47.956077924013755,1.0,0
baseline_multimodal,no_disruption,0.05,0.4,6,46.43326200824711,1.0,0
baseline_multimodal,no_disruption,0.05,0.4,7,46.407812452039494,1.0,0
baseline_multimodal,no_disruption,0.05,0.4,8,46.38613993392378,1.0,0
baseline_multimodal,no_disruption,0.05,0.4,9,46.37548213194588,1.0,0
baseline_multimodal,no_disruption,0.05,0.4,10,46.428068064672864,1.0,0
baseline_multimodal,no_disruption,0.1,0.0,1,46.39193328251826,1.0,0
baseline_multimodal,no_disruption,0.1,0.0,2,46.43271581830749,1.0,0
baseline_multimodal,no_disruption,0.1,0.0,3,46.43714791680624,1.0,0
baseline_multimodal,no_disruption,0.1,0.0,4,46.34701174029335,1.0,0
baseline_multimodal,no_disruption,0.1,0.0,5,46.39759829617872,1.0,0
baseline_multimodal,no_disruption,0.1,0.0,6,46.4466072925147,1.0,0
baseline_multimodal,no_disruption,0.1,0.0,7,46.39570818009939,1.0,0
baseline_multimodal,no_disruption,0.1,0.0,8,46.35236314386802,1.0,0
baseline_multimodal,no_disruption,0.1,0.0,9,46.33104753991223,1.0,0
baseline_multimodal,no_disruption,0.1,0.0,10,46.43621940536619,1.0,0
baseline_multimodal,no_disruption,0.1,0.2,1,46.39193328251826,1.0,0
baseline_multimodal,no_disruption,0.1,0.2,2,46.43271581830749,1.0,0
baseline_multimodal,no_disruption,0.1,0.2,3,46.43714791680624,1.0,0
baseline_multimodal,no_disruption,0.1,0.2,4,46.34701174029335,1.0,0
baseline_multimodal,no_disruption,0.1,0.2,5,46.39759829617872,1.0,0
baseline_multimodal,no_disruption,0.1,0.2,6,46.4466072925147,1.0,0
baseline_multimodal,no_disruption,0.1,0.2,7,46.39570818009939,1.0,0
baseline_multimodal,no_disruption,0.1,0.2,8,46.35236314386802,1.0,0
baseline_multimodal,no_disruption,0.1,0.2,9,46.33104753991223,1.0,0
baseline_multimodal,no_disruption,0.1,0.2,10,46.43621940536619,1.0,0
baseline_multimodal,no_disruption,0.1,0.4,1,46.39193328251826,1.0,0
baseline_multimodal,no_disruption,0.1,0.4,2,51.15712465077046,1.0,0
baseline_multimodal,no_disruption,0.1,0.4,3,46.43714791680624,1.0,0
baseline_multimodal,no_disruption,0.1,0.4,4,46.34701174029335,1.0,0
baseline_multimodal,no_disruption,0.1,0.4,5,47.92303852786656,1.0,0
baseline_multimodal,no_disruption,0.1,0.4,6,46.4466072925147,1.0,0
baseline_multimodal,no_disruption,0.1,0.4,7,46.39570818009939,1.0,0
baseline_multimodal,no_disruption,0.1,0.4,8,46.35236314386802,1.0,0
baseline_multimodal,no_disruption,0.1,0.4,9,46.33104753991223,1.0,0
baseline_multimodal,no_disruption,0.1,0.4,10,46.43621940536619,1.0,0
heavy_congestion_bus,songpa_spatial_tancheon_corridor,0.0,0.0,1,96.43915122170311,1.0,0
heavy_congestion_bus,songpa_spatial_tancheon_corridor,0.0,0.0,2,96.43915122170311,1.0,0
heavy_congestion_bus,songpa_spatial_tancheon_corridor,0.0,0.0,3,96.43915122170311,1.0,0
heavy_congestion_bus,songpa_spatial_tancheon_corridor,0.0,0.0,4,96.43915122170311,1.0,0
heavy_congestion_bus,songpa_spatial_tancheon_corridor,0.0,0.0,5,96.43915122170311,1.0,0
heavy_congestion_bus,songpa_spatial_tancheon_corridor,0.0,0.0,6,96.43915122170311,1.0,0
heavy_congestion_bus,songpa_spatial_tancheon_corridor,0.0,0.0,7,96.43915122170311,1.0,0
heavy_congestion_bus,songpa_spatial_tancheon_corridor,0.0,0.0,8,96.43915122170311,1.0,0
heavy_congestion_bus,songpa_spatial_tancheon_corridor,0.0,0.0,9,96.43915122170311,1.0,0
heavy_congestion_bus,songpa_spatial_tancheon_corridor,0.0,0.0,10,96.43915122170311,1.0,0
heavy_congestion_bus,songpa_spatial_tancheon_corridor,0.0,0.2,1,96.43915122170311,1.0,0
heavy_congestion_bus,songpa_spatial_tancheon_corridor,0.0,0.2,2,96.43915122170311,1.0,0
heavy_congestion_bus,songpa_spatial_tancheon_corridor,0.0,0.2,3,96.43915122170311,1.0,0
heavy_congestion_bus,songpa_spatial_tancheon_corridor,0.0,0.2,4,96.43915122170311,1.0,0
heavy_congestion_bus,songpa_spatial_tancheon_corridor,0.0,0.2,5,96.43915122170311,1.0,0
heavy_congestion_bus,songpa_spatial_tancheon_corridor,0.0,0.2,6,96.43915122170311,1.0,0
heavy_congestion_bus,songpa_spatial_tancheon_corridor,0.0,0.2,7,96.43915122170311,1.0,0
heavy_congestion_bus,songpa_spatial_tancheon_corridor,0.0,0.2,8,96.43915122170311,1.0,0
heavy_congestion_bus,songpa_spatial_tancheon_corridor,0.0,0.2,9,96.43915122170311,1.0,0
heavy_congestion_bus,songpa_spatial_tancheon_corridor,0.0,0.2,10,96.43915122170311,1.0,0
heavy_congestion_bus,songpa_spatial_tancheon_corridor,0.0,0.4,1,96.43915122170311,1.0,0
heavy_congestion_bus,songpa_spatial_tancheon_corridor,0.0,0.4,2,96.43915122170311,1.0,0
heavy_congestion_bus,songpa_spatial_tancheon_corridor,0.0,0.4,3,96.43915122170311,1.0,0
heavy_congestion_bus,songpa_spatial_tancheon_corridor,0.0,0.4,4,96.43915122170311,1.0,0
heavy_congestion_bus,songpa_spatial_tancheon_corridor,0.0,0.4,5,96.43915122170311,1.0,0
heavy_congestion_bus,songpa_spatial_tancheon_corridor,0.0,0.4,6,96.43915122170311,1.0,0
heavy_congestion_bus,songpa_spatial_tancheon_corridor,0.0,0.4,7,96.43915122170311,1.0,0
heavy_congestion_bus,songpa_spatial_tancheon_corridor,0.0,0.4,8,96.43915122170311,1.0,0
heavy_congestion_bus,songpa_spatial_tancheon_corridor,0.0,0.4,9,96.43915122170311,1.0,0
heavy_congestion_bus,songpa_spatial_tancheon_corridor,0.0,0.4,10,96.43915122170311,1.0,0
heavy_congestion_bus,songpa_spatial_tancheon_corridor,0.05,0.0,1,92.55432317151067,1.0,0
heavy_congestion_bus,songpa_spatial_tancheon_corridor,0.05,0.0,2,96.40748206594856,1.0,0
heavy_congestion_bus,songpa_spatial_tancheon_corridor,0.05,0.0,3,99.21415949442846,1.0,0
heavy_congestion_bus,songpa_spatial_tancheon_corridor,0.05,0.0,4,91.57916137796641,1.0,0
heavy_congestion_bus,songpa_spatial_tancheon_corridor,0.05,0.0,5,96.43790562891222,1.0,0
heavy_congestion_bus,songpa_spatial_tancheon_corridor,0.05,0.0,6,97.96603420131292,1.0,0
heavy_congestion_bus,songpa_spatial_tancheon_corridor,0.05,0.0,7,96.86719461516019,1.0,0
heavy_congestion_bus,songpa_spatial_tancheon_corridor,0.05,0.0,8,94.56561519964089,1.0,0
heavy_congestion_bus,songpa_spatial_tancheon_corridor,0.05,0.0,9,97.52101559159773,1.0,0
heavy_congestion_bus,songpa_spatial_tancheon_corridor,0.05,0.0,10,99.48638008786716,1.0,0
heavy_congestion_bus,songpa_spatial_tancheon_corridor,0.05,0.2,1,92.55432317151067,1.0,0
heavy_congestion_bus,songpa_spatial_tancheon_corridor,0.05,0.2,2,96.40748206594856,1.0,0
heavy_congestion_bus,songpa_spatial_tancheon_corridor,0.05,0.2,3,99.21415949442846,1.0,0
heavy_congestion_bus,songpa_spatial_tancheon_corridor,0.05,0.2,4,91.57916137796641,1.0,0
heavy_congestion_bus,songpa_spatial_tancheon_corridor,0.05,0.2,5,96.43790562891222,1.0,0
heavy_congestion_bus,songpa_spatial_tancheon_corridor,0.05,0.2,6,97.96603420131292,1.0,0
heavy_congestion_bus,songpa_spatial_tancheon_corridor,0.05,0.2,7,96.86719461516019,1.0,0
heavy_congestion_bus,songpa_spatial_tancheon_corridor,0.05,0.2,8,94.56561519964089,1.0,0
heavy_congestion_bus,songpa_spatial_tancheon_corridor,0.05,0.2,9,97.52101559159773,1.0,0
heavy_congestion_bus,songpa_spatial_tancheon_corridor,0.05,0.2,10,99.48638008786716,1.0,0
heavy_congestion_bus,songpa_spatial_tancheon_corridor,0.05,0.4,1,92.55432317151067,1.0,0
heavy_congestion_bus,songpa_spatial_tancheon_corridor,0.05,0.4,2,96.40748206594856,1.0,0
heavy_congestion_bus,songpa_spatial_tancheon_corridor,0.05,0.4,3,99.21415949442846,1.0,0
heavy_congestion_bus,songpa_spatial_tancheon_corridor,0.05,0.4,4,91.57916137796641,1.0,0
heavy_congestion_bus,songpa_spatial_tancheon_corridor,0.05,0.4,5,96.43790562891222,1.0,0
heavy_congestion_bus,songpa_spatial_tancheon_corridor,0.05,0.4,6,97.96603420131292,1.0,0
heavy_congestion_bus,songpa_spatial_tancheon_corridor,0.05,0.4,7,96.86719461516019,1.0,0
heavy_congestion_bus,songpa_spatial_tancheon_corridor,0.05,0.4,8,94.56561519964089,1.0,0
heavy_congestion_bus,songpa_spatial_tancheon_corridor,0.05,0.4,9,97.52101559159773,1.0,0
heavy_congestion_bus,songpa_spatial_tancheon_corridor,0.05,0.4,10,99.48638008786716,1.0,0
heavy_congestion_bus,songpa_spatial_tancheon_corridor,0.1,0.0,1,88.66949512131816,1.0,0
heavy_congestion_bus,songpa_spatial_tancheon_corridor,0.1,0.0,2,96.375812910194,1.0,0
heavy_congestion_bus,songpa_spatial_tancheon_corridor,0.1,0.0,3,101.98916776715377,1.0,0
heavy_congestion_bus,songpa_spatial_tancheon_corridor,0.1,0.0,4,88.13430325530831,1.0,0
heavy_congestion_bus,songpa_spatial_tancheon_corridor,0.1,0.0,5,96.4366600361213,1.0,0
heavy_congestion_bus,songpa_spatial_tancheon_corridor,0.1,0.0,6,99.49291718092265,1.0,0
heavy_congestion_bus,songpa_spatial_tancheon_corridor,0.1,0.0,7,97.29523800861725,1.0,0
heavy_congestion_bus,songpa_spatial_tancheon_corridor,0.1,0.0,8,97.94655231259141,1.0,0
heavy_congestion_bus,songpa_spatial_tancheon_corridor,0.1,0.0,9,98.60287996149232,1.0,0
heavy_congestion_bus,songpa_spatial_tancheon_corridor,0.1,0.0,10,102.53360895403115,1.0,0
heavy_congestion_bus,songpa_spatial_tancheon_corridor,0.1,0.2,1,88.66949512131816,1.0,0
heavy_congestion_bus,songpa_spatial_tancheon_corridor,0.1,0.2,2,96.375812910194,1.0,0
heavy_congestion_bus,songpa_spatial_tancheon_corridor,0.1,0.2,3,101.98916776715377,1.0,0
heavy_congestion_bus,songpa_spatial_tancheon_corridor,0.1,0.2,4,88.13430325530831,1.0,0
heavy_congestion_bus,songpa_spatial_tancheon_corridor,0.1,0.2,5,96.4366600361213,1.0,0
heavy_congestion_bus,songpa_spatial_tancheon_corridor,0.1,0.2,6,99.49291718092265,1.0,0
heavy_congestion_bus,songpa_spatial_tancheon_corridor,0.1,0.2,7,97.29523800861725,1.0,0
heavy_congestion_bus,songpa_spatial_tancheon_corridor,0.1,0.2,8,97.94655231259141,1.0,0
heavy_congestion_bus,songpa_spatial_tancheon_corridor,0.1,0.2,9,98.60287996149232,1.0,0
heavy_congestion_bus,songpa_spatial_tancheon_corridor,0.1,0.2,10,102.53360895403115,1.0,0
heavy_congestion_bus,songpa_spatial_tancheon_corridor,0.1,0.4,1,88.66949512131816,1.0,0
heavy_congestion_bus,songpa_spatial_tancheon_corridor,0.1,0.4,2,96.375812910194,1.0,0
heavy_congestion_bus,songpa_spatial_tancheon_corridor,0.1,0.4,3,101.98916776715377,1.0,0
heavy_congestion_bus,songpa_spatial_tancheon_corridor,0.1,0.4,4,88.13430325530831,1.0,0
heavy_congestion_bus,songpa_spatial_tancheon_corridor,0.1,0.4,5,96.4366600361213,1.0,0
heavy_congestion_bus,songpa_spatial_tancheon_corridor,0.1,0.4,6,99.49291718092265,1.0,0
heavy_congestion_bus,songpa_spatial_tancheon_corridor,0.1,0.4,7,97.29523800861725,1.0,0
heavy_congestion_bus,songpa_spatial_tancheon_corridor,0.1,0.4,8,97.94655231259141,1.0,0
heavy_congestion_bus,songpa_spatial_tancheon_corridor,0.1,0.4,9,98.60287996149232,1.0,0
heavy_congestion_bus,songpa_spatial_tancheon_corridor,0.1,0.4,10,102.53360895403115,1.0,0
baseline_multimodal,songpa_critical_link_blockage,0.0,0.0,1,7400.0,0.0,24
baseline_multimodal,songpa_critical_link_blockage,0.0,0.0,2,7400.0,0.0,24
baseline_multimodal,songpa_critical_link_blockage,0.0,0.0,3,7400.0,0.0,24
baseline_multimodal,songpa_critical_link_blockage,0.0,0.0,4,7400.0,0.0,24
baseline_multimodal,songpa_critical_link_blockage,0.0,0.0,5,7400.0,0.0,24
baseline_multimodal,songpa_critical_link_blockage,0.0,0.0,6,7400.0,0.0,24
baseline_multimodal,songpa_critical_link_blockage,0.0,0.0,7,7400.0,0.0,24
baseline_multimodal,songpa_critical_link_blockage,0.0,0.0,8,7400.0,0.0,24
baseline_multimodal,songpa_critical_link_blockage,0.0,0.0,9,7400.0,0.0,24
baseline_multimodal,songpa_critical_link_blockage,0.0,0.0,10,7400.0,0.0,24
baseline_multimodal,songpa_critical_link_blockage,0.0,0.2,1,7400.0,0.0,24
baseline_multimodal,songpa_critical_link_blockage,0.0,0.2,2,7400.0,0.0,24
baseline_multimodal,songpa_critical_link_blockage,0.0,0.2,3,7400.0,0.0,24
baseline_multimodal,songpa_critical_link_blockage,0.0,0.2,4,7400.0,0.0,24
baseline_multimodal,songpa_critical_link_blockage,0.0,0.2,5,7400.0,0.0,24
baseline_multimodal,songpa_critical_link_blockage,0.0,0.2,6,7400.0,0.0,24
baseline_multimodal,songpa_critical_link_blockage,0.0,0.2,7,7400.0,0.0,24
baseline_multimodal,songpa_critical_link_blockage,0.0,0.2,8,7400.0,0.0,24
baseline_multimodal,songpa_critical_link_blockage,0.0,0.2,9,7400.0,0.0,24
baseline_multimodal,songpa_critical_link_blockage,0.0,0.2,10,7400.0,0.0,24
baseline_multimodal,songpa_critical_link_blockage,0.0,0.4,1,7400.0,0.0,24
baseline_multimodal,songpa_critical_link_blockage,0.0,0.4,2,7400.0,0.0,24
baseline_multimodal,songpa_critical_link_blockage,0.0,0.4,3,7400.0,0.0,24
baseline_multimodal,songpa_critical_link_blockage,0.0,0.4,4,7400.0,0.0,24
baseline_multimodal,songpa_critical_link_blockage,0.0,0.4,5,7400.0,0.0,24
baseline_multimodal,songpa_critical_link_blockage,0.0,0.4,6,7400.0,0.0,24
baseline_multimodal,songpa_critical_link_blockage,0.0,0.4,7,7400.0,0.0,24
baseline_multimodal,songpa_critical_link_blockage,0.0,0.4,8,7400.0,0.0,24
baseline_multimodal,songpa_critical_link_blockage,0.0,0.4,9,7400.0,0.0,24
baseline_multimodal,songpa_critical_link_blockage,0.0,0.4,10,7400.0,0.0,24
baseline_multimodal,songpa_critical_link_blockage,0.05,0.0,1,7400.0,0.0,24
baseline_multimodal,songpa_critical_link_blockage,0.05,0.0,2,7400.0,0.0,24
baseline_multimodal,songpa_critical_link_blockage,0.05,0.0,3,7400.0,0.0,24
baseline_multimodal,songpa_critical_link_blockage,0.05,0.0,4,7400.0,0.0,24
baseline_multimodal,songpa_critical_link_blockage,0.05,0.0,5,7400.0,0.0,24
baseline_multimodal,songpa_critical_link_blockage,0.05,0.0,6,7400.0,0.0,24
baseline_multimodal,songpa_critical_link_blockage,0.05,0.0,7,7400.0,0.0,24
baseline_multimodal,songpa_critical_link_blockage,0.05,0.0,8,7400.0,0.0,24
baseline_multimodal,songpa_critical_link_blockage,0.05,0.0,9,7400.0,0.0,24
baseline_multimodal,songpa_critical_link_blockage,0.05,0.0,10,7400.0,0.0,24
baseline_multimodal,songpa_critical_link_blockage,0.05,0.2,1,7400.0,0.0,24
baseline_multimodal,songpa_critical_link_blockage,0.05,0.2,2,7400.0,0.0,24
baseline_multimodal,songpa_critical_link_blockage,0.05,0.2,3,7400.0,0.0,24
baseline_multimodal,songpa_critical_link_blockage,0.05,0.2,4,7400.0,0.0,24
baseline_multimodal,songpa_critical_link_blockage,0.05,0.2,5,7400.0,0.0,24
baseline_multimodal,songpa_critical_link_blockage,0.05,0.2,6,7400.0,0.0,24
baseline_multimodal,songpa_critical_link_blockage,0.05,0.2,7,7400.0,0.0,24
baseline_multimodal,songpa_critical_link_blockage,0.05,0.2,8,7400.0,0.0,24
baseline_multimodal,songpa_critical_link_blockage,0.05,0.2,9,7400.0,0.0,24
baseline_multimodal,songpa_critical_link_blockage,0.05,0.2,10,7400.0,0.0,24
baseline_multimodal,songpa_critical_link_blockage,0.05,0.4,1,7400.0,0.0,24
baseline_multimodal,songpa_critical_link_blockage,0.05,0.4,2,7400.0,0.0,24
baseline_multimodal,songpa_critical_link_blockage,0.05,0.4,3,7400.0,0.0,24
baseline_multimodal,songpa_critical_link_blockage,0.05,0.4,4,7400.0,0.0,24
baseline_multimodal,songpa_critical_link_blockage,0.05,0.4,5,7400.0,0.0,24
baseline_multimodal,songpa_critical_link_blockage,0.05,0.4,6,7400.0,0.0,24
baseline_multimodal,songpa_critical_link_blockage,0.05,0.4,7,7400.0,0.0,24
baseline_multimodal,songpa_critical_link_blockage,0.05,0.4,8,7400.0,0.0,24
baseline_multimodal,songpa_critical_link_blockage,0.05,0.4,9,7400.0,0.0,24
baseline_multimodal,songpa_critical_link_blockage,0.05,0.4,10,7400.0,0.0,24
baseline_multimodal,songpa_critical_link_blockage,0.1,0.0,1,7400.0,0.0,24
baseline_multimodal,songpa_critical_link_blockage,0.1,0.0,2,7400.0,0.0,24
baseline_multimodal,songpa_critical_link_blockage,0.1,0.0,3,7400.0,0.0,24
baseline_multimodal,songpa_critical_link_blockage,0.1,0.0,4,7400.0,0.0,24
baseline_multimodal,songpa_critical_link_blockage,0.1,0.0,5,7400.0,0.0,24
baseline_multimodal,songpa_critical_link_blockage,0.1,0.0,6,7400.0,0.0,24
baseline_multimodal,songpa_critical_link_blockage,0.1,0.0,7,7400.0,0.0,24
baseline_multimodal,songpa_critical_link_blockage,0.1,0.0,8,7400.0,0.0,24
baseline_multimodal,songpa_critical_link_blockage,0.1,0.0,9,7400.0,0.0,24
baseline_multimodal,songpa_critical_link_blockage,0.1,0.0,10,7400.0,0.0,24
baseline_multimodal,songpa_critical_link_blockage,0.1,0.2,1,7400.0,0.0,24
baseline_multimodal,songpa_critical_link_blockage,0.1,0.2,2,7400.0,0.0,24
baseline_multimodal,songpa_critical_link_blockage,0.1,0.2,3,7400.0,0.0,24
baseline_multimodal,songpa_critical_link_blockage,0.1,0.2,4,7400.0,0.0,24
baseline_multimodal,songpa_critical_link_blockage,0.1,0.2,5,7400.0,0.0,24
baseline_multimodal,songpa_critical_link_blockage,0.1,0.2,6,7400.0,0.0,24
baseline_multimodal,songpa_critical_link_blockage,0.1,0.2,7,7400.0,0.0,24
baseline_multimodal,songpa_critical_link_blockage,0.1,0.2,8,7400.0,0.0,24
baseline_multimodal,songpa_critical_link_blockage,0.1,0.2,9,7400.0,0.0,24
baseline_multimodal,songpa_critical_link_blockage,0.1,0.2,10,7400.0,0.0,24
baseline_multimodal,songpa_critical_link_blockage,0.1,0.4,1,7400.0,0.0,24
baseline_multimodal,songpa_critical_link_blockage,0.1,0.4,2,7400.0,0.0,24
baseline_multimodal,songpa_critical_link_blockage,0.1,0.4,3,7400.0,0.0,24
baseline_multimodal,songpa_critical_link_blockage,0.1,0.4,4,7400.0,0.0,24
baseline_multimodal,songpa_critical_link_blockage,0.1,0.4,5,7400.0,0.0,24
baseline_multimodal,songpa_critical_link_blockage,0.1,0.4,6,7400.0,0.0,24
baseline_multimodal,songpa_critical_link_blockage,0.1,0.4,7,7400.0,0.0,24
baseline_multimodal,songpa_critical_link_blockage,0.1,0.4,8,7400.0,0.0,24
baseline_multimodal,songpa_critical_link_blockage,0.1,0.4,9,7400.0,0.0,24
baseline_multimodal,songpa_critical_link_blockage,0.1,0.4,10,7400.0,0.0,24
severe_congestion_bus,songpa_rail_delay,0.0,0.0,1,80.76158997367985,1.0,0
severe_congestion_bus,songpa_rail_delay,0.0,0.0,2,80.76158997367985,1.0,0
severe_congestion_bus,songpa_rail_delay,0.0,0.0,3,80.76158997367985,1.0,0
severe_congestion_bus,songpa_rail_delay,0.0,0.0,4,80.76158997367985,1.0,0
severe_congestion_bus,songpa_rail_delay,0.0,0.0,5,80.76158997367985,1.0,0
severe_congestion_bus,songpa_rail_delay,0.0,0.0,6,80.76158997367985,1.0,0
severe_congestion_bus,songpa_rail_delay,0.0,0.0,7,80.76158997367985,1.0,0
severe_congestion_bus,songpa_rail_delay,0.0,0.0,8,80.76158997367985,1.0,0
severe_congestion_bus,songpa_rail_delay,0.0,0.0,9,80.76158997367985,1.0,0
severe_congestion_bus,songpa_rail_delay,0.0,0.0,10,80.76158997367985,1.0,0
severe_congestion_bus,songpa_rail_delay,0.0,0.2,1,80.76158997367985,1.0,0
severe_congestion_bus,songpa_rail_delay,0.0,0.2,2,80.76158997367985,1.0,0
severe_congestion_bus,songpa_rail_delay,0.0,0.2,3,80.76158997367985,1.0,0
severe_congestion_bus,songpa_rail_delay,0.0,0.2,4,80.76158997367985,1.0,0
severe_congestion_bus,songpa_rail_delay,0.0,0.2,5,80.76158997367985,1.0,0
severe_congestion_bus,songpa_rail_delay,0.0,0.2,6,80.76158997367985,1.0,0
severe_congestion_bus,songpa_rail_delay,0.0,0.2,7,80.76158997367985,1.0,0
severe_congestion_bus,songpa_rail_delay,0.0,0.2,8,80.76158997367985,1.0,0
severe_congestion_bus,songpa_rail_delay,0.0,0.2,9,80.76158997367985,1.0,0
severe_congestion_bus,songpa_rail_delay,0.0,0.2,10,80.76158997367985,1.0,0
severe_congestion_bus,songpa_rail_delay,0.0,0.4,1,80.76158997367985,1.0,0
severe_congestion_bus,songpa_rail_delay,0.0,0.4,2,80.76158997367985,1.0,0
severe_congestion_bus,songpa_rail_delay,0.0,0.4,3,80.76158997367985,1.0,0
severe_congestion_bus,songpa_rail_delay,0.0,0.4,4,80.76158997367985,1.0,0
severe_congestion_bus,songpa_rail_delay,0.0,0.4,5,80.76158997367985,1.0,0
severe_congestion_bus,songpa_rail_delay,0.0,0.4,6,80.76158997367985,1.0,0
severe_congestion_bus,songpa_rail_delay,0.0,0.4,7,80.76158997367985,1.0,0
severe_congestion_bus,songpa_rail_delay,0.0,0.4,8,80.76158997367985,1.0,0
severe_congestion_bus,songpa_rail_delay,0.0,0.4,9,80.76158997367985,1.0,0
severe_congestion_bus,songpa_rail_delay,0.0,0.4,10,80.76158997367985,1.0,0
severe_congestion_bus,songpa_rail_delay,0.05,0.0,1,79.84852915692773,1.0,0
severe_congestion_bus,songpa_rail_delay,0.05,0.0,2,79.71239875262222,1.0,0
severe_congestion_bus,songpa_rail_delay,0.05,0.0,3,81.53327338033506,1.0,0
severe_congestion_bus,songpa_rail_delay,0.05,0.0,4,81.33940255462538,1.0,0
severe_congestion_bus,songpa_rail_delay,0.05,0.0,5,81.20417241158604,1.0,0
severe_congestion_bus,songpa_rail_delay,0.05,0.0,6,82.59619332441936,1.0,0
severe_congestion_bus,songpa_rail_delay,0.05,0.0,7,81.3308951820952,1.0,0
severe_congestion_bus,songpa_rail_delay,0.05,0.0,8,82.25784862437584,1.0,0
severe_congestion_bus,songpa_rail_delay,0.05,0.0,9,81.59889110144017,1.0,0
severe_congestion_bus,songpa_rail_delay,0.05,0.0,10,79.77851208067224,1.0,0
severe_congestion_bus,songpa_rail_delay,0.05,0.2,1,79.84852915692773,1.0,0
severe_congestion_bus,songpa_rail_delay,0.05,0.2,2,79.71239875262222,1.0,0
severe_congestion_bus,songpa_rail_delay,0.05,0.2,3,81.53327338033506,1.0,0
severe_congestion_bus,songpa_rail_delay,0.05,0.2,4,81.33940255462538,1.0,0
severe_congestion_bus,songpa_rail_delay,0.05,0.2,5,81.20417241158604,1.0,0
severe_congestion_bus,songpa_rail_delay,0.05,0.2,6,82.59619332441936,1.0,0
severe_congestion_bus,songpa_rail_delay,0.05,0.2,7,81.3308951820952,1.0,0
severe_congestion_bus,songpa_rail_delay,0.05,0.2,8,82.25784862437584,1.0,0
severe_congestion_bus,songpa_rail_delay,0.05,0.2,9,81.59889110144017,1.0,0
severe_congestion_bus,songpa_rail_delay,0.05,0.2,10,79.77851208067224,1.0,0
severe_congestion_bus,songpa_rail_delay,0.05,0.4,1,79.84852915692773,1.0,0
severe_congestion_bus,songpa_rail_delay,0.05,0.4,2,79.71239875262222,1.0,0
severe_congestion_bus,songpa_rail_delay,0.05,0.4,3,81.53327338033506,1.0,0
severe_congestion_bus,songpa_rail_delay,0.05,0.4,4,81.33940255462538,1.0,0
severe_congestion_bus,songpa_rail_delay,0.05,0.4,5,81.20417241158604,1.0,0
severe_congestion_bus,songpa_rail_delay,0.05,0.4,6,82.59619332441936,1.0,0
severe_congestion_bus,songpa_rail_delay,0.05,0.4,7,81.3308951820952,1.0,0
severe_congestion_bus,songpa_rail_delay,0.05,0.4,8,82.25784862437584,1.0,0
severe_congestion_bus,songpa_rail_delay,0.05,0.4,9,81.59889110144017,1.0,0
severe_congestion_bus,songpa_rail_delay,0.05,0.4,10,79.77851208067224,1.0,0
severe_congestion_bus,songpa_rail_delay,0.1,0.0,1,78.9354683401756,1.0,0
severe_congestion_bus,songpa_rail_delay,0.1,0.0,2,78.6632075315646,1.0,0
severe_congestion_bus,songpa_rail_delay,0.1,0.0,3,82.30495678699027,1.0,0
severe_congestion_bus,songpa_rail_delay,0.1,0.0,4,81.91721513557091,1.0,0
severe_congestion_bus,songpa_rail_delay,0.1,0.0,5,81.64675484949224,1.0,0
severe_congestion_bus,songpa_rail_delay,0.1,0.0,6,84.43079667515886,1.0,0
severe_congestion_bus,songpa_rail_delay,0.1,0.0,7,81.90020039051055,1.0,0
severe_congestion_bus,songpa_rail_delay,0.1,0.0,8,83.75410727507185,1.0,0
severe_congestion_bus,songpa_rail_delay,0.1,0.0,9,82.43619222920047,1.0,0
severe_congestion_bus,songpa_rail_delay,0.1,0.0,10,78.79543418766467,1.0,0
severe_congestion_bus,songpa_rail_delay,0.1,0.2,1,78.9354683401756,1.0,0
severe_congestion_bus,songpa_rail_delay,0.1,0.2,2,78.6632075315646,1.0,0
severe_congestion_bus,songpa_rail_delay,0.1,0.2,3,82.30495678699027,1.0,0
severe_congestion_bus,songpa_rail_delay,0.1,0.2,4,81.91721513557091,1.0,0
severe_congestion_bus,songpa_rail_delay,0.1,0.2,5,81.64675484949224,1.0,0
severe_congestion_bus,songpa_rail_delay,0.1,0.2,6,84.43079667515886,1.0,0
severe_congestion_bus,songpa_rail_delay,0.1,0.2,7,81.90020039051055,1.0,0
severe_congestion_bus,songpa_rail_delay,0.1,0.2,8,83.75410727507185,1.0,0
severe_congestion_bus,songpa_rail_delay,0.1,0.2,9,82.43619222920047,1.0,0
severe_congestion_bus,songpa_rail_delay,0.1,0.2,10,78.79543418766467,1.0,0
severe_congestion_bus,songpa_rail_delay,0.1,0.4,1,78.9354683401756,1.0,0
severe_congestion_bus,songpa_rail_delay,0.1,0.4,2,78.6632075315646,1.0,0
severe_congestion_bus,songpa_rail_delay,0.1,0.4,3,82.30495678699027,1.0,0
severe_congestion_bus,songpa_rail_delay,0.1,0.4,4,81.91721513557091,1.0,0
severe_congestion_bus,songpa_rail_delay,0.1,0.4,5,81.64675484949224,1.0,0
severe_congestion_bus,songpa_rail_delay,0.1,0.4,6,84.43079667515886,1.0,0
severe_congestion_bus,songpa_rail_delay,0.1,0.4,7,81.90020039051055,1.0,0
severe_congestion_bus,songpa_rail_delay,0.1,0.4,8,83.75410727507185,1.0,0
severe_congestion_bus,songpa_rail_delay,0.1,0.4,9,82.43619222920047,1.0,0
severe_congestion_bus,songpa_rail_delay,0.1,0.4,10,78.79543418766467,1.0,0
