"Path","Kind","FileCount","Bytes","LastWriteTime"
".editorconfig","file","1","99","2026-06-02 오후 2:08:07"
".git","directory","28","460839378","2026-06-02 오후 2:56:10"
".gitignore","file","1","556","2026-06-02 오후 2:08:07"
".tmp_intake_list","directory","811","38648750","2026-06-02 오후 2:08:07"
"국방.md","file","1","4731","2026-06-02 오후 2:08:20"
"국방AI_활용_아이디어_경연대회","directory","21","1747965","2026-06-02 오후 2:08:20"
"전시_예비군_수송체계_시뮬레이션_개념도.png","file","1","1102619","2026-06-02 오후 2:08:20"
"agents","directory","1","28703","2026-06-02 오후 2:08:07"
"agents.md","file","1","66940","2026-06-02 오후 2:08:07"
"cloned_repo","directory","14399","929572790","2026-06-02 오후 2:08:18"
"cloned_repo_manifest.md","file","1","5701","2026-06-02 오후 2:08:19"
"config.yaml","file","1","3638","2026-06-02 오후 2:08:19"
"data","directory","220","11431946","2026-06-02 오후 2:08:19"
"disrupted_mobilization_resilience_repo_research.md","file","1","23496","2026-06-02 오후 2:08:19"
"docs","directory","124","971622","2026-06-02 오후 2:56:09"
"expert_review_intake.zip","file","1","6458043","2026-06-02 오후 2:08:19"
"generate_report_figures.py","file","1","13558","2026-06-02 오후 2:08:19"
"generate_report.py","file","1","8531","2026-06-02 오후 2:08:19"
"gpt_image_2_pipeline_prompt.md","file","1","5766","2026-06-02 오후 2:08:19"
"IMPLEMENTATION_PLAN.md","file","1","16506","2026-06-02 오후 2:08:07"
"kci","directory","227","67810690","2026-06-02 오후 2:08:19"
"main.py","file","1","9882","2026-06-02 오후 2:08:20"
"microsim_experiment_proposal_v3.docx","file","1","41298","2026-06-02 오후 2:08:20"
"paper","directory","1","55321","2026-06-02 오후 2:08:20"
"plan.md","file","1","11617","2026-06-02 오후 2:54:28"
"public_github_repo_research.md","file","1","18420","2026-06-02 오후 2:08:20"
"README.md","file","1","82167","2026-06-02 오후 2:08:07"
"real_world_simulation_implementation_blueprint.md","file","1","10678","2026-06-02 오후 2:08:20"
"realistic_simulation_requirements.md","file","1","37006","2026-06-02 오후 2:08:20"
"repo_survey_results.md","file","1","4647","2026-06-02 오후 2:08:20"
"report_draft.md","file","1","39169","2026-06-02 오후 2:08:20"
"report.docx","file","1","446566","2026-06-02 오후 2:08:20"
"requirements.txt","file","1","128","2026-06-02 오후 2:08:20"
"results","directory","56","19198866","2026-06-02 오후 2:08:20"
"review_submission_bundle","directory","9","6532167","2026-06-02 오후 2:08:20"
"review_submission_bundle.zip","file","1","12705506","2026-06-02 오후 2:08:20"
"schemas","directory","1","1886","2026-06-02 오후 2:08:20"
"scripts","directory","110","449098","2026-06-02 오후 2:08:20"
"src","directory","147","2705346","2026-06-02 오후 2:08:20"
"status.md","file","1","101322","2026-06-02 오후 2:08:20"
"tests","directory","141","1079197","2026-06-02 오후 2:08:20"
"web_demo","directory","36","4464744","2026-06-02 오후 2:08:20"
