row_id,region_id,graph_source,policy_id,scenario_id,scenario_family,scenario_type,disruption_mode,seed,mode,completion_rate,censored_count,risk_label,risk_label_rule,claim_scope,split,predicted_risk_label,prediction_correct,model_status,cluster_id
simrow-000001,goseong_mobilization,cached_graphml:data/cache/goseong_corridor_road.graphml,bus_only,no_disruption,no_disruption,none,none,1101,bus_only,1,0,normal,normal if completion_rate>=0.95 and censored_count=0; watch if completion_rate>=0.80; risk if completion_rate>=0.50; otherwise failure,"Phase 10 post-simulation ML decision-support analysis only; labels are derived from simulation outputs and do not prove real-world calibration, publication readiness, final-study readiness, formal acceptance, or operational forecasting.",test,normal,true,xgboost_trained,1
simrow-000002,goseong_mobilization,cached_graphml:data/cache/goseong_corridor_road.graphml,bus_only,no_disruption,no_disruption,none,none,1102,bus_only,1,0,normal,normal if completion_rate>=0.95 and censored_count=0; watch if completion_rate>=0.80; risk if completion_rate>=0.50; otherwise failure,"Phase 10 post-simulation ML decision-support analysis only; labels are derived from simulation outputs and do not prove real-world calibration, publication readiness, final-study readiness, formal acceptance, or operational forecasting.",train,normal,true,xgboost_trained,1
simrow-000003,goseong_mobilization,cached_graphml:data/cache/goseong_corridor_road.graphml,baseline_multimodal,no_disruption,no_disruption,none,none,1101,multimodal,1,0,normal,normal if completion_rate>=0.95 and censored_count=0; watch if completion_rate>=0.80; risk if completion_rate>=0.50; otherwise failure,"Phase 10 post-simulation ML decision-support analysis only; labels are derived from simulation outputs and do not prove real-world calibration, publication readiness, final-study readiness, formal acceptance, or operational forecasting.",train,normal,true,xgboost_trained,1
simrow-000004,goseong_mobilization,cached_graphml:data/cache/goseong_corridor_road.graphml,baseline_multimodal,no_disruption,no_disruption,none,none,1102,multimodal,1,0,normal,normal if completion_rate>=0.95 and censored_count=0; watch if completion_rate>=0.80; risk if completion_rate>=0.50; otherwise failure,"Phase 10 post-simulation ML decision-support analysis only; labels are derived from simulation outputs and do not prove real-world calibration, publication readiness, final-study readiness, formal acceptance, or operational forecasting.",train,normal,true,xgboost_trained,1
simrow-000005,goseong_mobilization,cached_graphml:data/cache/goseong_corridor_road.graphml,multimodal_lastmile_redundancy,no_disruption,no_disruption,none,none,1101,multimodal,1,0,normal,normal if completion_rate>=0.95 and censored_count=0; watch if completion_rate>=0.80; risk if completion_rate>=0.50; otherwise failure,"Phase 10 post-simulation ML decision-support analysis only; labels are derived from simulation outputs and do not prove real-world calibration, publication readiness, final-study readiness, formal acceptance, or operational forecasting.",train,normal,true,xgboost_trained,1
simrow-000006,goseong_mobilization,cached_graphml:data/cache/goseong_corridor_road.graphml,multimodal_lastmile_redundancy,no_disruption,no_disruption,none,none,1102,multimodal,1,0,normal,normal if completion_rate>=0.95 and censored_count=0; watch if completion_rate>=0.80; risk if completion_rate>=0.50; otherwise failure,"Phase 10 post-simulation ML decision-support analysis only; labels are derived from simulation outputs and do not prove real-world calibration, publication readiness, final-study readiness, formal acceptance, or operational forecasting.",test,normal,true,xgboost_trained,1
simrow-000007,goseong_mobilization,cached_graphml:data/cache/goseong_corridor_road.graphml,staggered_or_adaptive_dispatch,no_disruption,no_disruption,none,none,1101,multimodal,1,0,normal,normal if completion_rate>=0.95 and censored_count=0; watch if completion_rate>=0.80; risk if completion_rate>=0.50; otherwise failure,"Phase 10 post-simulation ML decision-support analysis only; labels are derived from simulation outputs and do not prove real-world calibration, publication readiness, final-study readiness, formal acceptance, or operational forecasting.",train,normal,true,xgboost_trained,1
simrow-000008,goseong_mobilization,cached_graphml:data/cache/goseong_corridor_road.graphml,staggered_or_adaptive_dispatch,no_disruption,no_disruption,none,none,1102,multimodal,1,0,normal,normal if completion_rate>=0.95 and censored_count=0; watch if completion_rate>=0.80; risk if completion_rate>=0.50; otherwise failure,"Phase 10 post-simulation ML decision-support analysis only; labels are derived from simulation outputs and do not prove real-world calibration, publication readiness, final-study readiness, formal acceptance, or operational forecasting.",train,normal,true,xgboost_trained,1
simrow-000009,goseong_mobilization,cached_graphml:data/cache/goseong_corridor_road.graphml,bus_only,goseong_random_capacity_reduction,random,capacity_reduction,capacity_reduction,1101,bus_only,1,0,normal,normal if completion_rate>=0.95 and censored_count=0; watch if completion_rate>=0.80; risk if completion_rate>=0.50; otherwise failure,"Phase 10 post-simulation ML decision-support analysis only; labels are derived from simulation outputs and do not prove real-world calibration, publication readiness, final-study readiness, formal acceptance, or operational forecasting.",train,normal,true,xgboost_trained,3
simrow-000010,goseong_mobilization,cached_graphml:data/cache/goseong_corridor_road.graphml,bus_only,goseong_random_capacity_reduction,random,capacity_reduction,capacity_reduction,1102,bus_only,1,0,normal,normal if completion_rate>=0.95 and censored_count=0; watch if completion_rate>=0.80; risk if completion_rate>=0.50; otherwise failure,"Phase 10 post-simulation ML decision-support analysis only; labels are derived from simulation outputs and do not prove real-world calibration, publication readiness, final-study readiness, formal acceptance, or operational forecasting.",train,normal,true,xgboost_trained,3
simrow-000011,goseong_mobilization,cached_graphml:data/cache/goseong_corridor_road.graphml,baseline_multimodal,goseong_random_capacity_reduction,random,capacity_reduction,capacity_reduction,1101,multimodal,1,0,normal,normal if completion_rate>=0.95 and censored_count=0; watch if completion_rate>=0.80; risk if completion_rate>=0.50; otherwise failure,"Phase 10 post-simulation ML decision-support analysis only; labels are derived from simulation outputs and do not prove real-world calibration, publication readiness, final-study readiness, formal acceptance, or operational forecasting.",test,normal,true,xgboost_trained,3
simrow-000012,goseong_mobilization,cached_graphml:data/cache/goseong_corridor_road.graphml,baseline_multimodal,goseong_random_capacity_reduction,random,capacity_reduction,capacity_reduction,1102,multimodal,1,0,normal,normal if completion_rate>=0.95 and censored_count=0; watch if completion_rate>=0.80; risk if completion_rate>=0.50; otherwise failure,"Phase 10 post-simulation ML decision-support analysis only; labels are derived from simulation outputs and do not prove real-world calibration, publication readiness, final-study readiness, formal acceptance, or operational forecasting.",train,normal,true,xgboost_trained,3
simrow-000013,goseong_mobilization,cached_graphml:data/cache/goseong_corridor_road.graphml,multimodal_lastmile_redundancy,goseong_random_capacity_reduction,random,capacity_reduction,capacity_reduction,1101,multimodal,1,0,normal,normal if completion_rate>=0.95 and censored_count=0; watch if completion_rate>=0.80; risk if completion_rate>=0.50; otherwise failure,"Phase 10 post-simulation ML decision-support analysis only; labels are derived from simulation outputs and do not prove real-world calibration, publication readiness, final-study readiness, formal acceptance, or operational forecasting.",train,normal,true,xgboost_trained,3
simrow-000014,goseong_mobilization,cached_graphml:data/cache/goseong_corridor_road.graphml,multimodal_lastmile_redundancy,goseong_random_capacity_reduction,random,capacity_reduction,capacity_reduction,1102,multimodal,1,0,normal,normal if completion_rate>=0.95 and censored_count=0; watch if completion_rate>=0.80; risk if completion_rate>=0.50; otherwise failure,"Phase 10 post-simulation ML decision-support analysis only; labels are derived from simulation outputs and do not prove real-world calibration, publication readiness, final-study readiness, formal acceptance, or operational forecasting.",train,normal,true,xgboost_trained,3
simrow-000015,goseong_mobilization,cached_graphml:data/cache/goseong_corridor_road.graphml,staggered_or_adaptive_dispatch,goseong_random_capacity_reduction,random,capacity_reduction,capacity_reduction,1101,multimodal,1,0,normal,normal if completion_rate>=0.95 and censored_count=0; watch if completion_rate>=0.80; risk if completion_rate>=0.50; otherwise failure,"Phase 10 post-simulation ML decision-support analysis only; labels are derived from simulation outputs and do not prove real-world calibration, publication readiness, final-study readiness, formal acceptance, or operational forecasting.",train,normal,true,xgboost_trained,3
simrow-000016,goseong_mobilization,cached_graphml:data/cache/goseong_corridor_road.graphml,staggered_or_adaptive_dispatch,goseong_random_capacity_reduction,random,capacity_reduction,capacity_reduction,1102,multimodal,1,0,normal,normal if completion_rate>=0.95 and censored_count=0; watch if completion_rate>=0.80; risk if completion_rate>=0.50; otherwise failure,"Phase 10 post-simulation ML decision-support analysis only; labels are derived from simulation outputs and do not prove real-world calibration, publication readiness, final-study readiness, formal acceptance, or operational forecasting.",test,normal,true,xgboost_trained,3
simrow-000017,goseong_mobilization,cached_graphml:data/cache/goseong_corridor_road.graphml,bus_only,goseong_critical_link_blockage,critical_link,blocked,blocked,1101,bus_only,0,24,failure,normal if completion_rate>=0.95 and censored_count=0; watch if completion_rate>=0.80; risk if completion_rate>=0.50; otherwise failure,"Phase 10 post-simulation ML decision-support analysis only; labels are derived from simulation outputs and do not prove real-world calibration, publication readiness, final-study readiness, formal acceptance, or operational forecasting.",train,failure,true,xgboost_trained,2
simrow-000018,goseong_mobilization,cached_graphml:data/cache/goseong_corridor_road.graphml,bus_only,goseong_critical_link_blockage,critical_link,blocked,blocked,1102,bus_only,0,24,failure,normal if completion_rate>=0.95 and censored_count=0; watch if completion_rate>=0.80; risk if completion_rate>=0.50; otherwise failure,"Phase 10 post-simulation ML decision-support analysis only; labels are derived from simulation outputs and do not prove real-world calibration, publication readiness, final-study readiness, formal acceptance, or operational forecasting.",train,failure,true,xgboost_trained,2
simrow-000019,goseong_mobilization,cached_graphml:data/cache/goseong_corridor_road.graphml,baseline_multimodal,goseong_critical_link_blockage,critical_link,blocked,blocked,1101,multimodal,0,24,failure,normal if completion_rate>=0.95 and censored_count=0; watch if completion_rate>=0.80; risk if completion_rate>=0.50; otherwise failure,"Phase 10 post-simulation ML decision-support analysis only; labels are derived from simulation outputs and do not prove real-world calibration, publication readiness, final-study readiness, formal acceptance, or operational forecasting.",train,failure,true,xgboost_trained,2
simrow-000020,goseong_mobilization,cached_graphml:data/cache/goseong_corridor_road.graphml,baseline_multimodal,goseong_critical_link_blockage,critical_link,blocked,blocked,1102,multimodal,0,24,failure,normal if completion_rate>=0.95 and censored_count=0; watch if completion_rate>=0.80; risk if completion_rate>=0.50; otherwise failure,"Phase 10 post-simulation ML decision-support analysis only; labels are derived from simulation outputs and do not prove real-world calibration, publication readiness, final-study readiness, formal acceptance, or operational forecasting.",train,failure,true,xgboost_trained,2
simrow-000021,goseong_mobilization,cached_graphml:data/cache/goseong_corridor_road.graphml,multimodal_lastmile_redundancy,goseong_critical_link_blockage,critical_link,blocked,blocked,1101,multimodal,0,24,failure,normal if completion_rate>=0.95 and censored_count=0; watch if completion_rate>=0.80; risk if completion_rate>=0.50; otherwise failure,"Phase 10 post-simulation ML decision-support analysis only; labels are derived from simulation outputs and do not prove real-world calibration, publication readiness, final-study readiness, formal acceptance, or operational forecasting.",test,failure,true,xgboost_trained,2
simrow-000022,goseong_mobilization,cached_graphml:data/cache/goseong_corridor_road.graphml,multimodal_lastmile_redundancy,goseong_critical_link_blockage,critical_link,blocked,blocked,1102,multimodal,0,24,failure,normal if completion_rate>=0.95 and censored_count=0; watch if completion_rate>=0.80; risk if completion_rate>=0.50; otherwise failure,"Phase 10 post-simulation ML decision-support analysis only; labels are derived from simulation outputs and do not prove real-world calibration, publication readiness, final-study readiness, formal acceptance, or operational forecasting.",train,failure,true,xgboost_trained,2
simrow-000023,goseong_mobilization,cached_graphml:data/cache/goseong_corridor_road.graphml,staggered_or_adaptive_dispatch,goseong_critical_link_blockage,critical_link,blocked,blocked,1101,multimodal,0,24,failure,normal if completion_rate>=0.95 and censored_count=0; watch if completion_rate>=0.80; risk if completion_rate>=0.50; otherwise failure,"Phase 10 post-simulation ML decision-support analysis only; labels are derived from simulation outputs and do not prove real-world calibration, publication readiness, final-study readiness, formal acceptance, or operational forecasting.",train,failure,true,xgboost_trained,2
simrow-000024,goseong_mobilization,cached_graphml:data/cache/goseong_corridor_road.graphml,staggered_or_adaptive_dispatch,goseong_critical_link_blockage,critical_link,blocked,blocked,1102,multimodal,0,24,failure,normal if completion_rate>=0.95 and censored_count=0; watch if completion_rate>=0.80; risk if completion_rate>=0.50; otherwise failure,"Phase 10 post-simulation ML decision-support analysis only; labels are derived from simulation outputs and do not prove real-world calibration, publication readiness, final-study readiness, formal acceptance, or operational forecasting.",train,failure,true,xgboost_trained,2
simrow-000025,goseong_mobilization,cached_graphml:data/cache/goseong_corridor_road.graphml,bus_only,goseong_last_mile_station_to_destination,last_mile,capacity_reduction,capacity_reduction,1101,bus_only,1,0,normal,normal if completion_rate>=0.95 and censored_count=0; watch if completion_rate>=0.80; risk if completion_rate>=0.50; otherwise failure,"Phase 10 post-simulation ML decision-support analysis only; labels are derived from simulation outputs and do not prove real-world calibration, publication readiness, final-study readiness, formal acceptance, or operational forecasting.",train,normal,true,xgboost_trained,0
simrow-000026,goseong_mobilization,cached_graphml:data/cache/goseong_corridor_road.graphml,bus_only,goseong_last_mile_station_to_destination,last_mile,capacity_reduction,capacity_reduction,1102,bus_only,1,0,normal,normal if completion_rate>=0.95 and censored_count=0; watch if completion_rate>=0.80; risk if completion_rate>=0.50; otherwise failure,"Phase 10 post-simulation ML decision-support analysis only; labels are derived from simulation outputs and do not prove real-world calibration, publication readiness, final-study readiness, formal acceptance, or operational forecasting.",test,normal,true,xgboost_trained,0
simrow-000027,goseong_mobilization,cached_graphml:data/cache/goseong_corridor_road.graphml,baseline_multimodal,goseong_last_mile_station_to_destination,last_mile,capacity_reduction,capacity_reduction,1101,multimodal,1,0,normal,normal if completion_rate>=0.95 and censored_count=0; watch if completion_rate>=0.80; risk if completion_rate>=0.50; otherwise failure,"Phase 10 post-simulation ML decision-support analysis only; labels are derived from simulation outputs and do not prove real-world calibration, publication readiness, final-study readiness, formal acceptance, or operational forecasting.",train,normal,true,xgboost_trained,0
simrow-000028,goseong_mobilization,cached_graphml:data/cache/goseong_corridor_road.graphml,baseline_multimodal,goseong_last_mile_station_to_destination,last_mile,capacity_reduction,capacity_reduction,1102,multimodal,1,0,normal,normal if completion_rate>=0.95 and censored_count=0; watch if completion_rate>=0.80; risk if completion_rate>=0.50; otherwise failure,"Phase 10 post-simulation ML decision-support analysis only; labels are derived from simulation outputs and do not prove real-world calibration, publication readiness, final-study readiness, formal acceptance, or operational forecasting.",train,normal,true,xgboost_trained,0
simrow-000029,goseong_mobilization,cached_graphml:data/cache/goseong_corridor_road.graphml,multimodal_lastmile_redundancy,goseong_last_mile_station_to_destination,last_mile,capacity_reduction,capacity_reduction,1101,multimodal,1,0,normal,normal if completion_rate>=0.95 and censored_count=0; watch if completion_rate>=0.80; risk if completion_rate>=0.50; otherwise failure,"Phase 10 post-simulation ML decision-support analysis only; labels are derived from simulation outputs and do not prove real-world calibration, publication readiness, final-study readiness, formal acceptance, or operational forecasting.",train,normal,true,xgboost_trained,0
simrow-000030,goseong_mobilization,cached_graphml:data/cache/goseong_corridor_road.graphml,multimodal_lastmile_redundancy,goseong_last_mile_station_to_destination,last_mile,capacity_reduction,capacity_reduction,1102,multimodal,1,0,normal,normal if completion_rate>=0.95 and censored_count=0; watch if completion_rate>=0.80; risk if completion_rate>=0.50; otherwise failure,"Phase 10 post-simulation ML decision-support analysis only; labels are derived from simulation outputs and do not prove real-world calibration, publication readiness, final-study readiness, formal acceptance, or operational forecasting.",train,normal,true,xgboost_trained,0
simrow-000031,goseong_mobilization,cached_graphml:data/cache/goseong_corridor_road.graphml,staggered_or_adaptive_dispatch,goseong_last_mile_station_to_destination,last_mile,capacity_reduction,capacity_reduction,1101,multimodal,1,0,normal,normal if completion_rate>=0.95 and censored_count=0; watch if completion_rate>=0.80; risk if completion_rate>=0.50; otherwise failure,"Phase 10 post-simulation ML decision-support analysis only; labels are derived from simulation outputs and do not prove real-world calibration, publication readiness, final-study readiness, formal acceptance, or operational forecasting.",test,normal,true,xgboost_trained,0
simrow-000032,goseong_mobilization,cached_graphml:data/cache/goseong_corridor_road.graphml,staggered_or_adaptive_dispatch,goseong_last_mile_station_to_destination,last_mile,capacity_reduction,capacity_reduction,1102,multimodal,1,0,normal,normal if completion_rate>=0.95 and censored_count=0; watch if completion_rate>=0.80; risk if completion_rate>=0.50; otherwise failure,"Phase 10 post-simulation ML decision-support analysis only; labels are derived from simulation outputs and do not prove real-world calibration, publication readiness, final-study readiness, formal acceptance, or operational forecasting.",train,normal,true,xgboost_trained,0
