network_variant,failure_mode,capacity_reduction_factor,s,p_fail_scale,bus_makespan_mean,multi_makespan_mean,delta_mean,bus_sr_mean,multi_sr_mean,bus_leftover_mean,multi_leftover_mean,bus_penalized_makespan_mean,multi_penalized_makespan_mean,delta_penalized_makespan_mean,bus_success_count_mean,multi_success_count_mean,bus_completion_rate_mean,multi_completion_rate_mean,delta_completion_rate_mean,bus_censored_count_mean,multi_censored_count_mean,bus_resource_eff_mean,multi_resource_eff_mean,delta_resource_eff_mean,bus_total_personnel_mean,multi_total_personnel_mean,bus_bus_trips_mean,multi_bus_trips_mean,bus_train_trips_mean,multi_train_trips_mean,bus_bus_minutes_mean,multi_bus_minutes_mean,bus_train_minutes_mean,multi_train_minutes_mean,bus_lastmile_minutes_mean,multi_lastmile_minutes_mean,bus_lastmile_vehicle_minutes_mean,multi_lastmile_vehicle_minutes_mean,bus_road_vehicle_service_minutes_mean,multi_road_vehicle_service_minutes_mean,bus_train_service_minutes_mean,multi_train_service_minutes_mean,bus_total_service_minutes_mean,multi_total_service_minutes_mean,bus_passenger_travel_minutes_mean,multi_passenger_travel_minutes_mean,bus_passengers_per_vehicle_minute_mean,multi_passengers_per_vehicle_minute_mean,bus_passengers_per_total_service_minute_mean,multi_passengers_per_total_service_minute_mean,delta_std,delta_penalized_makespan_std,delta_completion_rate_std,delta_resource_eff_std,delta_road_vehicle_service_minutes_std,delta_train_service_minutes_std,delta_total_service_minutes_std,delta_passenger_travel_minutes_std,delta_passengers_per_vehicle_minute_std,delta_passengers_per_total_service_minute_std
baseline,blocked,,0.8,0.0,637.5235197344143,696.0343842524192,-58.510864518005064,1.0,1.0,0.0,0.0,637.5235197344143,696.0343842524192,-58.510864518005064,1000.0,1000.0,1.0,1.0,0.0,0.0,0.0,1.0225000000000002,0.9479000000000001,0.0746,1000.0,1000.0,23.0,23.0,0.0,9.0,978.0400000000002,31.190000000000005,0.0,540.0,0.0,483.7900000000001,0.0,483.7900000000001,978.0400000000002,514.9799999999999,0.0,540.0,978.0400000000002,1054.98,42523.5,82390.43999999999,1.0225000000000002,1.9418,1.0225000000000002,0.9479000000000001,0.0,0.0,0.0,0.0,1.198364490607514e-13,0.0,0.0,0.0,0.0,0.0
baseline,blocked,,0.8,0.25,637.6258758780536,697.5950365558435,-59.96916067778986,0.9,0.9,100.0,100.0,144717.86328829025,144771.8355329003,-53.972244610010875,900.0,900.0,0.9,0.9,0.0,100.0,100.0,0.9180399999999999,0.82678,0.09125999999999998,1000.0,1000.0,20.7,23.0,0.0,9.0,882.3549999999999,31.190000000000005,0.0,540.0,0.0,467.716,0.0,467.716,882.3549999999999,498.90599999999995,0.0,540.0,882.3549999999999,1038.906,38363.272000000004,81691.59,0.9180399999999999,1.64695,0.9180399999999999,0.82678,2.392212132545612,19.097561334298117,0.0,0.05322762858182245,154.64880733455396,0.0,154.64880733455396,6723.857804054984,0.30169542201807875,0.05322762858182245
baseline,blocked,,0.8,0.5,637.6993592657908,697.3410987301942,-59.64173946440334,0.7,0.7,300.0,300.0,432878.38955148606,432920.13876911113,-41.74921762508234,700.0,700.0,0.7,0.7,0.0,300.0,300.0,0.7128099999999999,0.64635,0.06646,1000.0,1000.0,16.1,20.7,0.0,8.1,687.4590000000001,28.071000000000005,0.0,486.0,0.0,359.691,0.0,359.691,687.4590000000001,387.762,0.0,486.0,687.4590000000001,873.762,29889.539,70859.222,0.7128099999999999,1.2934500000000002,0.7128099999999999,0.64635,2.3677592401118344,28.87449005654245,0.0,0.05883504624513068,225.74465225854922,170.7629936490925,210.13568955161648,16810.60427172355,0.4224464047531815,0.05883504624513068
baseline,blocked,,0.8,1.0,638.229441453978,697.8916754878919,-59.721461345906164,0.6,0.5,400.0,500.0,576958.9376648723,721068.9458377439,-144110.00817287157,600.0,500.0,0.6,0.5,0.1,400.0,500.0,0.6035299999999999,0.45648,0.14705000000000001,1000.0,1000.0,13.8,20.7,0.0,8.1,596.566,28.071000000000005,0.0,486.0,0.0,263.254,0.0,263.254,596.566,291.325,0.0,486.0,596.566,777.325,25937.654000000002,66666.29400000001,0.6035299999999999,0.90389,0.6035299999999999,0.45648,2.934813889275093,455610.94050960673,0.31622776601683794,0.3053442037730171,329.5102661846989,170.7629936490925,317.97499197438646,19705.273435039893,0.6184259574830999,0.3053442037730171
baseline,blocked,,0.8,1.5,638.8955212085372,702.6755354811116,-63.59330735488387,0.4,0.3,600.0,700.0,865119.5582084835,1009218.8026606443,-144099.24445216093,400.0,300.0,0.4,0.3,0.1,600.0,700.0,0.39626,0.25590999999999997,0.14035000000000003,1000.0,1000.0,9.2,18.4,0.0,6.9,403.838,67.26,0.0,414.0,0.0,156.46099999999998,0.0,156.46099999999998,403.838,223.721,0.0,414.0,403.838,637.7209999999999,17558.201,57726.96499999999,0.39626,0.43394999999999995,0.39626,0.25590999999999997,2.8269551686611787,455614.7893346712,0.31622776601683794,0.31027108666813,320.6276095427702,219.90907211845536,336.949210813407,25010.032048185607,0.42821534419028,0.31027108666813
baseline,blocked,,0.8,2.0,640.1422163241942,705.9578379384963,-66.78026463597371,0.3,0.1,700.0,900.0,1009200.0426648974,1297366.5957837938,-288166.55311889655,300.0,100.0,0.3,0.1,0.2,700.0,900.0,0.28903,0.08131000000000001,0.20772,1000.0,1000.0,6.9,16.1,0.0,6.1,311.481,47.57600000000001,0.0,366.0,0.0,59.702999999999996,0.0,59.702999999999996,311.481,107.27900000000002,0.0,366.0,311.481,473.2790000000001,13542.657000000001,46664.281,0.28903,0.13335,0.28903,0.08131000000000001,,607490.8377690458,0.42163702135578396,0.39645154895228585,404.2399968335642,253.69272752682525,405.28607391158494,28173.910699582495,0.43415474916465235,0.39645154895228585
baseline,blocked,,0.8,3.0,642.1115414901025,710.9578379384963,-69.57601771057307,0.2,0.1,800.0,900.0,1153280.422308298,1297367.0957837938,-144086.67347549583,200.0,100.0,0.2,0.1,0.1,800.0,900.0,0.18462,0.0762,0.10842,1000.0,1000.0,4.6,16.1,0.0,6.1,216.71300000000002,55.81600000000001,0.0,366.0,0.0,59.702999999999996,0.0,59.702999999999996,216.71300000000002,115.51900000000003,0.0,366.0,216.71300000000002,481.51900000000006,9422.304,47022.541,0.18462,0.12014,0.18462,0.0762,,455617.6226634941,0.31622776601683794,0.2865762717943612,303.450318144869,253.69272752682525,364.53479337673963,28949.588874039513,0.3080470267129139,0.2865762717943612
baseline,blocked,,1.0,0.0,637.5237624197467,696.0345938171253,-58.51083139737875,1.0,1.0,0.0,0.0,637.5237624197467,696.0345938171253,-58.51083139737875,1000.0,1000.0,1.0,1.0,0.0,0.0,0.0,1.0223999999999998,0.9479000000000001,0.07450000000000001,1000.0,1000.0,23.0,23.0,0.0,9.0,978.0499999999998,31.190000000000005,0.0,540.0,0.0,483.7900000000001,0.0,483.7900000000001,978.0499999999998,514.9799999999999,0.0,540.0,978.0499999999998,1054.98,42523.719999999994,82390.64,1.0223999999999998,1.9418,1.0223999999999998,0.9479000000000001,0.0,0.0,0.0,0.0,5.99182245303757e-14,0.0,0.0,0.0,1.1702778228589004e-16,0.0
baseline,blocked,,1.0,0.25,637.6261285499659,697.5952631205904,-59.96913457062458,0.9,0.9,100.0,100.0,144717.863515695,144771.83573680854,-53.97222111356213,900.0,900.0,0.9,0.9,0.0,100.0,100.0,0.91798,0.82678,0.09119999999999999,1000.0,1000.0,20.7,23.0,0.0,9.0,882.3629999999999,31.190000000000005,0.0,540.0,0.0,467.71899999999994,0.0,467.71899999999994,882.3629999999999,498.909,0.0,540.0,882.3629999999999,1038.909,38363.47699999999,81691.78400000001,0.91798,1.64694,0.91798,0.82678,2.3922427262901302,19.09755654273492,0.0,0.05321265513641153,154.6517253702654,0.0,154.65172537026544,6723.872927150526,0.3017175949644156,0.05321265513641153
baseline,blocked,,1.0,0.5,637.6996146841369,697.3413233588019,-59.641708674665,0.7,0.7,300.0,300.0,432878.389730279,432920.1389263511,-41.7491960722655,700.0,700.0,0.7,0.7,0.0,300.0,300.0,0.7127700000000001,0.64635,0.06642,1000.0,1000.0,16.1,20.7,0.0,8.1,687.4649999999999,28.071000000000005,0.0,486.0,0.0,359.693,0.0,359.693,687.4649999999999,387.764,0.0,486.0,687.4649999999999,873.7639999999999,29889.7,70859.37299999999,0.7127700000000001,1.2934400000000001,0.7127700000000001,0.64635,2.367794692368487,28.8744771551737,0.0,0.05879646247862196,225.7479604657469,170.7629936490925,210.13810138678906,16810.609730724656,0.422463923640561,0.05879646247862196
baseline,blocked,,1.0,1.0,638.2297219868307,697.8919089067854,-59.72142175848037,0.6,0.5,400.0,500.0,576958.9378331921,721068.9459544534,-144110.00812126131,600.0,500.0,0.6,0.5,0.1,400.0,500.0,0.60352,0.45648,0.14704,1000.0,1000.0,13.8,20.7,0.0,8.1,596.5699999999999,28.071000000000005,0.0,486.0,0.0,263.256,0.0,263.256,596.5699999999999,291.32700000000006,0.0,486.0,596.5699999999999,777.327,25937.805,66666.408,0.60352,0.90388,0.60352,0.45648,2.9348434962613372,455610.94041594747,0.31622776601683794,0.30534349764741275,329.51183307196186,170.7629936490925,317.9762383173379,19705.313390029856,0.6184250268042019,0.30534349764741275
baseline,blocked,,1.0,1.5,638.895794623137,702.6757639442194,-63.5932604580158,0.4,0.3,600.0,700.0,865119.5583178492,1009218.8027291832,-144099.24441133402,400.0,300.0,0.4,0.3,0.1,600.0,700.0,0.39626,0.25589999999999996,0.14035999999999998,1000.0,1000.0,9.2,18.4,0.0,6.9,403.841,67.26,0.0,414.0,0.0,156.462,0.0,156.462,403.841,223.72200000000004,0.0,414.0,403.841,637.722,17558.3,57727.054000000004,0.39626,0.43393999999999994,0.39626,0.25589999999999996,2.8269878785565483,455614.7892549975,0.31622776601683794,0.3102721894652429,320.63101068050173,219.90907211845536,336.95181407732474,25010.06155816459,0.42820725978588137,0.3102721894652429
baseline,blocked,,1.0,2.0,640.1425403498916,705.9581041984072,-66.78025176780159,0.3,0.1,700.0,900.0,1009200.0427621051,1297366.5958104199,-288166.5530483149,300.0,100.0,0.3,0.1,0.2,700.0,900.0,0.28903,0.0813,0.20773000000000003,1000.0,1000.0,6.9,16.1,0.0,6.1,311.483,47.57600000000001,0.0,366.0,0.0,59.70399999999999,0.0,59.70399999999999,311.483,107.28000000000002,0.0,366.0,311.483,473.2800000000001,13542.747,46664.324,0.28903,0.13334,0.28903,0.0813,,607490.8376236374,0.42163702135578396,0.3964505238852497,404.2422073199295,253.69272752682525,405.28780166554344,28173.951733493537,0.43414182641671883,0.3964505238852497
baseline,blocked,,1.0,3.0,642.1118585207091,710.9581041984072,-69.5759489468885,0.2,0.1,800.0,900.0,1153280.4223717041,1297367.0958104199,-144086.6734387157,200.0,100.0,0.2,0.1,0.1,800.0,900.0,0.18462,0.0762,0.10842,1000.0,1000.0,4.6,16.1,0.0,6.1,216.714,55.81600000000001,0.0,366.0,0.0,59.70399999999999,0.0,59.70399999999999,216.714,115.52000000000002,0.0,366.0,216.714,481.5200000000001,9422.361,47022.584,0.18462,0.12014,0.18462,0.0762,,455617.6225713451,0.31622776601683794,0.2865762717943612,303.450318144869,253.69272752682525,364.53479337673963,28949.60902679998,0.3080470267129139,0.2865762717943612
baseline,blocked,,1.2,0.0,637.5242037255961,696.0349748954934,-58.510771169897225,1.0,1.0,0.0,0.0,637.5242037255961,696.0349748954934,-58.510771169897225,1000.0,1000.0,1.0,1.0,0.0,0.0,0.0,1.0223999999999998,0.9479000000000001,0.07450000000000001,1000.0,1000.0,23.0,23.0,0.0,9.0,978.0499999999998,31.190000000000005,0.0,540.0,0.0,483.8,0.0,483.8,978.0499999999998,514.99,0.0,540.0,978.0499999999998,1054.99,42524.12,82391.01,1.0223999999999998,1.9418,1.0223999999999998,0.9479000000000001,0.0,0.0,0.0,0.0,1.198364490607514e-13,0.0,0.0,7.66953273988809e-12,1.1702778228589004e-16,0.0
baseline,blocked,,1.2,0.25,637.6265880156934,697.5956751123117,-59.96908709661828,0.9,0.9,100.0,100.0,144717.86392921413,144771.83610760106,-53.97217838695646,900.0,900.0,0.9,0.9,0.0,100.0,100.0,0.91798,0.82678,0.09119999999999999,1000.0,1000.0,20.7,23.0,0.0,9.0,882.367,31.190000000000005,0.0,540.0,0.0,467.72799999999995,0.0,467.72799999999995,882.367,498.91799999999995,0.0,540.0,882.367,1038.9180000000001,38363.852,81692.14499999999,0.91798,1.64694,0.91798,0.82678,2.392298359230954,19.09754782978474,0.0,0.05321265513641153,154.65044630822547,0.0,154.6504463082255,6723.903573251101,0.3017175949644156,0.05321265513641153
baseline,blocked,,1.2,0.5,637.7000791440577,697.3417318297934,-59.6416526857359,0.7,0.7,300.0,300.0,432878.39005540067,432920.1392122808,-41.74915688001513,700.0,700.0,0.7,0.7,0.0,300.0,300.0,0.7127700000000001,0.64635,0.06642,1000.0,1000.0,16.1,20.7,0.0,8.1,687.469,28.071000000000005,0.0,486.0,0.0,359.70000000000005,0.0,359.70000000000005,687.469,387.771,0.0,486.0,687.469,873.7710000000001,29889.995000000003,70859.655,0.7127700000000001,1.2934400000000001,0.7127700000000001,0.64635,2.36785916019295,28.874453695063988,0.0,0.05879646247862196,225.7466312680853,170.7629936490925,210.13753003423474,16810.623204854062,0.422463923640561,0.05879646247862196
baseline,blocked,,1.2,1.0,638.2302321156782,697.8923333622804,-59.72134977158835,0.6,0.5,400.0,500.0,576958.9381392694,721068.9461666811,-144110.0080274117,600.0,500.0,0.6,0.5,0.1,400.0,500.0,0.60352,0.45648,0.14704,1000.0,1000.0,13.8,20.7,0.0,8.1,596.577,28.071000000000005,0.0,486.0,0.0,263.261,0.0,263.261,596.577,291.332,0.0,486.0,596.577,777.332,25938.083,66666.624,0.60352,0.90388,0.60352,0.45648,2.93489733498984,455610.940245635,0.31622776601683794,0.30534349764741275,329.5164023315919,170.7629936490925,317.980595957608,19705.391064114887,0.6184250268042019,0.30534349764741275
baseline,blocked,,1.2,1.5,638.8962918079528,702.6761793879735,-63.59317517942785,0.4,0.3,600.0,700.0,865119.5585167231,1009218.8028538164,-144099.2443370932,400.0,300.0,0.4,0.3,0.1,600.0,700.0,0.39626,0.25589999999999996,0.14035999999999998,1000.0,1000.0,9.2,18.4,0.0,6.9,403.845,67.261,0.0,414.0,0.0,156.46499999999997,0.0,156.46499999999997,403.845,223.72500000000005,0.0,414.0,403.845,637.725,17558.48,57727.225,0.39626,0.43393999999999994,0.39626,0.25589999999999996,2.8270473592700816,455614.78911011637,0.31622776601683794,0.3102721894652429,320.6337324390211,219.90907211845536,336.9539885173906,25010.1198449953,0.42820725978588137,0.3102721894652429
baseline,blocked,,1.2,2.0,640.1431295673541,705.9585883729338,-66.78022836795378,0.3,0.1,700.0,900.0,1009200.0429388704,1297366.5958588372,-288166.5529199671,300.0,100.0,0.3,0.1,0.2,700.0,900.0,0.28903,0.0813,0.20773000000000003,1000.0,1000.0,6.9,16.1,0.0,6.1,311.48699999999997,47.577000000000005,0.0,366.0,0.0,59.705,0.0,59.705,311.48699999999997,107.28100000000002,0.0,366.0,311.48699999999997,473.28099999999995,13542.905999999999,46664.409,0.28903,0.13334,0.28903,0.0813,,607490.8373592226,0.42163702135578396,0.3964505238852497,404.2482000289756,253.69272752682525,405.2926768316118,28174.028945745227,0.43414182641671883,0.3964505238852497
baseline,blocked,,1.2,3.0,642.1124350181012,710.9585883729338,-69.57582390506468,0.2,0.1,800.0,900.0,1153280.4224870035,1297367.0958588372,-144086.6733718337,200.0,100.0,0.2,0.1,0.1,800.0,900.0,0.18462,0.0762,0.10842,1000.0,1000.0,4.6,16.1,0.0,6.1,216.717,55.81700000000001,0.0,366.0,0.0,59.705,0.0,59.705,216.717,115.52100000000003,0.0,366.0,216.717,481.5210000000001,9422.466,47022.669,0.18462,0.12014,0.18462,0.0762,,455617.6224037789,0.31622776601683794,0.2865762717943612,303.45641283936203,253.69272752682525,364.53917186863015,28949.650631274773,0.3080470267129139,0.2865762717943612
baseline,blocked,,1.5,0.0,637.5254323200936,696.0360210968563,-58.510588776762575,1.0,1.0,0.0,0.0,637.5254323200936,696.0360210968563,-58.510588776762575,1000.0,1000.0,1.0,1.0,0.0,0.0,0.0,1.0223999999999998,0.9479000000000001,0.07450000000000001,1000.0,1000.0,23.0,23.0,0.0,9.0,978.0800000000002,31.190000000000005,0.0,540.0,0.0,483.82,0.0,483.82,978.0800000000002,515.0200000000001,0.0,540.0,978.0800000000002,1055.02,42525.229999999996,82392.02,1.0223999999999998,1.9417000000000002,1.0223999999999998,0.9479000000000001,0.0,0.0,0.0,0.0,5.99182245303757e-14,0.0,0.0,7.66953273988809e-12,0.0,0.0
baseline,blocked,,1.5,0.25,637.6278671672505,697.596812283035,-59.96894511578432,0.9,0.9,100.0,100.0,144717.86508045052,144771.83713105475,-53.97205060420589,900.0,900.0,0.9,0.9,0.0,100.0,100.0,0.9179599999999999,0.82677,0.09119,1000.0,1000.0,20.7,23.0,0.0,9.0,882.392,31.190000000000005,0.0,540.0,0.0,467.74699999999996,0.0,467.74699999999996,882.392,498.94500000000005,0.0,540.0,882.392,1038.9450000000002,38364.89200000001,81693.13200000001,0.9179599999999999,1.6468500000000001,0.9179599999999999,0.82677,2.3924605664854397,19.097521307947154,0.0,0.05323665090893676,154.65002885008892,0.0,154.65002885008897,6723.985596587123,0.3017054503614043,0.05323665090893676
baseline,blocked,,1.5,0.5,637.701372199437,697.3428584978625,-59.64148629842542,0.7,0.7,300.0,300.0,432878.3909605397,432920.1400009485,-41.74904040889779,700.0,700.0,0.7,0.7,0.0,300.0,300.0,0.71275,0.6463399999999999,0.06641000000000001,1000.0,1000.0,16.1,20.7,0.0,8.1,687.4889999999999,28.071000000000005,0.0,486.0,0.0,359.71400000000006,0.0,359.71400000000006,687.4889999999999,387.79200000000003,0.0,486.0,687.4889999999999,873.792,29890.812000000005,70860.42400000001,0.71275,1.2933700000000001,0.71275,0.6463399999999999,2.368045775530465,28.874383705455962,0.0,0.058813499017374114,225.74578741239992,170.7629936490925,210.1369090246748,16810.654825829824,0.4224364062593722,0.058813499017374114
baseline,blocked,,1.5,1.0,638.2316523132469,697.8935062134525,-59.721140528266666,0.6,0.5,400.0,500.0,576958.938991388,721068.9467531068,-144110.0077617188,600.0,500.0,0.6,0.5,0.1,400.0,500.0,0.60351,0.45647000000000004,0.14704,1000.0,1000.0,13.8,20.7,0.0,8.1,596.595,28.071000000000005,0.0,486.0,0.0,263.2710000000001,0.0,263.2710000000001,596.595,291.34700000000004,0.0,486.0,596.595,777.3470000000001,25938.852000000003,66667.209,0.60351,0.9038299999999999,0.60351,0.45647000000000004,2.93505513370713,455610.9397730369,0.31622776601683794,0.30534349764741275,329.52312614173564,170.7629936490925,317.9869976307557,19705.599625469717,0.6183858608416666,0.30534349764741275
baseline,blocked,,1.5,1.5,638.8976759693671,702.6773261691487,-63.59292795072334,0.4,0.3,600.0,700.0,865119.5590703879,1009218.8031978508,-144099.24412746303,400.0,300.0,0.4,0.3,0.1,600.0,700.0,0.39624,0.25589999999999996,0.14034,1000.0,1000.0,9.2,18.4,0.0,6.9,403.85699999999997,67.264,0.0,414.0,0.0,156.471,0.0,156.471,403.85699999999997,223.73600000000002,0.0,414.0,403.85699999999997,637.7360000000001,17558.981,57727.683000000005,0.39624,0.43392,0.39624,0.25589999999999996,2.8272212514317703,455614.78870780196,0.31622776601683794,0.31027111155675885,320.64112155527124,219.90907211845536,336.9602085789293,25010.275192538054,0.4282017146678005,0.31027111155675885
baseline,blocked,,1.5,2.0,640.1447699474496,705.9599363137339,-66.78016322283077,0.3,0.1,700.0,900.0,1009200.0434309843,1297366.5959936313,-288166.55256264715,300.0,100.0,0.3,0.1,0.2,700.0,900.0,0.28901,0.0813,0.20771,1000.0,1000.0,6.9,16.1,0.0,6.1,311.497,47.579,0.0,366.0,0.0,59.70700000000001,0.0,59.70700000000001,311.497,107.28600000000002,0.0,366.0,311.497,473.28600000000006,13543.351,46664.634000000005,0.28901,0.13334,0.28901,0.0813,,607490.8366230926,0.42163702135578396,0.39643090879047815,404.2606539914014,253.69272752682525,405.30287814450844,28174.238182688987,0.43413456963890307,0.39643090879047815
baseline,blocked,,1.5,3.0,642.1140399855492,710.9599363137339,-69.57547578891092,0.2,0.1,800.0,900.0,1153280.422807997,1297367.0959936313,-144086.67318563425,200.0,100.0,0.2,0.1,0.1,800.0,900.0,0.18462,0.0762,0.10842,1000.0,1000.0,4.6,16.1,0.0,6.1,216.724,55.819,0.0,366.0,0.0,59.70700000000001,0.0,59.70700000000001,216.724,115.52600000000002,0.0,366.0,216.724,481.526,9422.756,47022.893,0.18462,0.12014,0.18462,0.0762,,455617.62193727505,0.31622776601683794,0.2865762717943612,303.4625075432622,253.69272752682525,364.54355041765746,28949.753156098297,0.3080470267129139,0.2865762717943612
baseline,blocked,,2.0,0.0,637.5299282056419,696.0398413597513,-58.50991315410954,1.0,1.0,0.0,0.0,637.5299282056419,696.0398413597513,-58.50991315410954,1000.0,1000.0,1.0,1.0,0.0,0.0,0.0,1.0223,0.9478000000000002,0.07450000000000001,1000.0,1000.0,23.0,23.0,0.0,9.0,978.1699999999998,31.2,0.0,540.0,0.0,483.8999999999999,0.0,483.8999999999999,978.1699999999998,515.1000000000001,0.0,540.0,978.1699999999998,1055.1,42529.3,82395.69999999998,1.0223,1.9414000000000002,1.0223,0.9478000000000002,0.0,0.0,0.0,0.0,5.99182245303757e-14,0.0,0.0,7.66953273988809e-12,0.0,0.0
baseline,blocked,,2.0,0.25,637.632548059939,697.6009681627987,-59.968420102859646,0.9,0.9,100.0,100.0,144717.86929325393,144771.8408713465,-53.97157809257368,900.0,900.0,0.9,0.9,0.0,100.0,100.0,0.91787,0.8266899999999999,0.09118000000000001,1000.0,1000.0,20.7,23.0,0.0,9.0,882.4779999999998,31.2,0.0,540.0,0.0,467.8259999999999,0.0,467.8259999999999,882.4779999999998,499.02400000000006,0.0,540.0,882.4779999999998,1039.0240000000001,38368.704,81696.73999999999,0.91787,1.6466,0.91787,0.8266899999999999,2.3930582465442165,19.097423010682707,0.0,0.05322344512628913,154.65948943117297,0.0,154.65948943117303,6724.3030402384475,0.30164173396044963,0.05322344512628913
baseline,blocked,,2.0,0.5,637.706103971397,697.3469755550612,-59.64087158366414,0.7,0.7,300.0,300.0,432878.39427277993,432920.1428828885,-41.748610108564904,700.0,700.0,0.7,0.7,0.0,300.0,300.0,0.71268,0.64628,0.06640000000000001,1000.0,1000.0,16.1,20.7,0.0,8.1,687.556,28.079999999999995,0.0,486.0,0.0,359.775,0.0,359.775,687.556,387.854,0.0,486.0,687.556,873.854,29893.809,70863.23499999999,0.71268,1.29317,0.71268,0.64628,2.368732671618825,28.874124998116514,0.0,0.058796863106045975,225.75603074508942,170.7629936490925,210.1464856184319,16810.77706964606,0.4223455784859913,0.058796863106045975
baseline,blocked,,2.0,1.0,638.2368493459035,697.8977932064969,-59.72036992201815,0.6,0.5,400.0,500.0,576958.9421096075,721068.9488966032,-144110.0067869957,600.0,500.0,0.6,0.5,0.1,400.0,500.0,0.60344,0.45643,0.14701,1000.0,1000.0,13.8,20.7,0.0,8.1,596.6580000000001,28.079999999999995,0.0,486.0,0.0,263.317,0.0,263.317,596.6580000000001,291.396,0.0,486.0,596.6580000000001,777.396,25941.672000000002,66669.35500000001,0.60344,0.9036799999999999,0.60344,0.45643,2.935637017426392,455610.93804448575,0.31622776601683794,0.3052815947794939,329.55464928024037,170.7629936490925,318.0170229126457,19706.370599962538,0.6182439777304749,0.3052815947794939
baseline,blocked,,2.0,1.5,638.9027411322934,702.6815172171409,-63.59201779658042,0.4,0.3,600.0,700.0,865119.5610964529,1009218.804455165,-144099.24335871224,400.0,300.0,0.4,0.3,0.1,600.0,700.0,0.39619,0.25587,0.14032,1000.0,1000.0,9.2,18.4,0.0,6.9,403.899,67.27799999999999,0.0,414.0,0.0,156.498,0.0,156.498,403.899,223.77699999999996,0.0,414.0,403.899,637.7769999999999,17560.811999999998,57729.366,0.39619,0.43384999999999996,0.39619,0.25587,2.827862206805645,455614.787236158,0.31622776601683794,0.31020930496825677,320.6671750099921,219.90907211845536,336.9837935700898,25010.845836711724,0.4281067291640667,0.31020930496825677
baseline,blocked,,2.0,2.0,640.1507727101042,705.9648689319199,-66.77992483252376,0.3,0.1,700.0,900.0,1009200.045231813,1297366.5964868932,-288166.5512550802,300.0,100.0,0.3,0.1,0.2,700.0,900.0,0.28897,0.08129,0.20768,1000.0,1000.0,6.9,16.1,0.0,6.1,311.53499999999997,47.589,0.0,366.0,0.0,59.717999999999996,0.0,59.717999999999996,311.53499999999997,107.30700000000002,0.0,366.0,311.53499999999997,473.3070000000001,13544.98,46665.465000000004,0.28897,0.13330999999999998,0.28897,0.08129,,607490.8339293184,0.42163702135578396,0.39636799343819656,404.3119511741178,253.69272752682525,405.3474154297219,28175.00857028333,0.43404727648289904,0.39636799343819656
baseline,blocked,,2.0,3.0,642.1199131601179,710.9648689319199,-69.5742019020488,0.2,0.1,800.0,900.0,1153280.4239826319,1297367.0964868932,-144086.6725042612,200.0,100.0,0.2,0.1,0.1,800.0,900.0,0.18458999999999998,0.07619000000000001,0.10840000000000001,1000.0,1000.0,4.6,16.1,0.0,6.1,216.748,55.82899999999999,0.0,366.0,0.0,59.717999999999996,0.0,59.717999999999996,216.748,115.546,0.0,366.0,216.748,481.546,9423.818,47023.721,0.18458999999999998,0.12012,0.18458999999999998,0.07619000000000001,,455617.6202301631,0.31622776601683794,0.28654264371410176,303.4923574655546,253.69272752682525,364.56792376730016,28950.142347688437,0.30801657260608556,0.28654264371410176
