feature,mean_abs_shap,status,claim_scope
scenario_type=blocked,1.221741438,shap_computed,"Phase 10 post-simulation ML decision-support analysis only; labels are derived from simulation outputs and do not prove real-world calibration, publication readiness, final-study readiness, formal acceptance, or operational forecasting."
policy_id=fleet_shortage_severe,0.7386392355,shap_computed,"Phase 10 post-simulation ML decision-support analysis only; labels are derived from simulation outputs and do not prove real-world calibration, publication readiness, final-study readiness, formal acceptance, or operational forecasting."
selected_edge_count,0.697632134,shap_computed,"Phase 10 post-simulation ML decision-support analysis only; labels are derived from simulation outputs and do not prove real-world calibration, publication readiness, final-study readiness, formal acceptance, or operational forecasting."
policy_id=peak_congestion_bus,0.6237271428,shap_computed,"Phase 10 post-simulation ML decision-support analysis only; labels are derived from simulation outputs and do not prove real-world calibration, publication readiness, final-study readiness, formal acceptance, or operational forecasting."
policy_id=peak_congestion_multimodal,0.5206437707,shap_computed,"Phase 10 post-simulation ML decision-support analysis only; labels are derived from simulation outputs and do not prove real-world calibration, publication readiness, final-study readiness, formal acceptance, or operational forecasting."
policy_id=severe_congestion_multimodal,0.4730018973,shap_computed,"Phase 10 post-simulation ML decision-support analysis only; labels are derived from simulation outputs and do not prove real-world calibration, publication readiness, final-study readiness, formal acceptance, or operational forecasting."
mode=bus_only,0.4036483169,shap_computed,"Phase 10 post-simulation ML decision-support analysis only; labels are derived from simulation outputs and do not prove real-world calibration, publication readiness, final-study readiness, formal acceptance, or operational forecasting."
scenario_family=rail_service,0.2735004127,shap_computed,"Phase 10 post-simulation ML decision-support analysis only; labels are derived from simulation outputs and do not prove real-world calibration, publication readiness, final-study readiness, formal acceptance, or operational forecasting."
policy_id=severe_congestion_bus,0.2222413868,shap_computed,"Phase 10 post-simulation ML decision-support analysis only; labels are derived from simulation outputs and do not prove real-world calibration, publication readiness, final-study readiness, formal acceptance, or operational forecasting."
scenario_type=capacity_reduction,0.06061565503,shap_computed,"Phase 10 post-simulation ML decision-support analysis only; labels are derived from simulation outputs and do not prove real-world calibration, publication readiness, final-study readiness, formal acceptance, or operational forecasting."
policy_id=heavy_congestion_multimodal,0.0567022562,shap_computed,"Phase 10 post-simulation ML decision-support analysis only; labels are derived from simulation outputs and do not prove real-world calibration, publication readiness, final-study readiness, formal acceptance, or operational forecasting."
scenario_family=rail_station_access,0.04491465539,shap_computed,"Phase 10 post-simulation ML decision-support analysis only; labels are derived from simulation outputs and do not prove real-world calibration, publication readiness, final-study readiness, formal acceptance, or operational forecasting."
scenario_family=no_disruption,0.04279791564,shap_computed,"Phase 10 post-simulation ML decision-support analysis only; labels are derived from simulation outputs and do not prove real-world calibration, publication readiness, final-study readiness, formal acceptance, or operational forecasting."
policy_id=moderate_congestion_bus,0.03780709952,shap_computed,"Phase 10 post-simulation ML decision-support analysis only; labels are derived from simulation outputs and do not prove real-world calibration, publication readiness, final-study readiness, formal acceptance, or operational forecasting."
policy_id=transfer_stress_extreme,0.02311550081,shap_computed,"Phase 10 post-simulation ML decision-support analysis only; labels are derived from simulation outputs and do not prove real-world calibration, publication readiness, final-study readiness, formal acceptance, or operational forecasting."
policy_id=heavy_congestion_bus,0.01720469445,shap_computed,"Phase 10 post-simulation ML decision-support analysis only; labels are derived from simulation outputs and do not prove real-world calibration, publication readiness, final-study readiness, formal acceptance, or operational forecasting."
policy_id=rail_delay_or_partial_unavailability,0.01627206057,shap_computed,"Phase 10 post-simulation ML decision-support analysis only; labels are derived from simulation outputs and do not prove real-world calibration, publication readiness, final-study readiness, formal acceptance, or operational forecasting."
policy_id=lastmile_capacity_moderate,0.006013442297,shap_computed,"Phase 10 post-simulation ML decision-support analysis only; labels are derived from simulation outputs and do not prove real-world calibration, publication readiness, final-study readiness, formal acceptance, or operational forecasting."
policy_id=lastmile_capacity_mild,0.005981779657,shap_computed,"Phase 10 post-simulation ML decision-support analysis only; labels are derived from simulation outputs and do not prove real-world calibration, publication readiness, final-study readiness, formal acceptance, or operational forecasting."
policy_id=transfer_stress_severe,0.004966640845,shap_computed,"Phase 10 post-simulation ML decision-support analysis only; labels are derived from simulation outputs and do not prove real-world calibration, publication readiness, final-study readiness, formal acceptance, or operational forecasting."
scenario_family=spatial_hazard_overlay,0.004162385128,shap_computed,"Phase 10 post-simulation ML decision-support analysis only; labels are derived from simulation outputs and do not prove real-world calibration, publication readiness, final-study readiness, formal acceptance, or operational forecasting."
scenario_family=random,0.003444265341,shap_computed,"Phase 10 post-simulation ML decision-support analysis only; labels are derived from simulation outputs and do not prove real-world calibration, publication readiness, final-study readiness, formal acceptance, or operational forecasting."
disruption_mode=blocked,0,shap_computed,"Phase 10 post-simulation ML decision-support analysis only; labels are derived from simulation outputs and do not prove real-world calibration, publication readiness, final-study readiness, formal acceptance, or operational forecasting."
disruption_mode=capacity_reduction,0,shap_computed,"Phase 10 post-simulation ML decision-support analysis only; labels are derived from simulation outputs and do not prove real-world calibration, publication readiness, final-study readiness, formal acceptance, or operational forecasting."
disruption_mode=none,0,shap_computed,"Phase 10 post-simulation ML decision-support analysis only; labels are derived from simulation outputs and do not prove real-world calibration, publication readiness, final-study readiness, formal acceptance, or operational forecasting."
mode=multimodal,0,shap_computed,"Phase 10 post-simulation ML decision-support analysis only; labels are derived from simulation outputs and do not prove real-world calibration, publication readiness, final-study readiness, formal acceptance, or operational forecasting."
policy_id=baseline_multimodal,0,shap_computed,"Phase 10 post-simulation ML decision-support analysis only; labels are derived from simulation outputs and do not prove real-world calibration, publication readiness, final-study readiness, formal acceptance, or operational forecasting."
policy_id=bus_only,0,shap_computed,"Phase 10 post-simulation ML decision-support analysis only; labels are derived from simulation outputs and do not prove real-world calibration, publication readiness, final-study readiness, formal acceptance, or operational forecasting."
policy_id=fleet_shortage_stress,0,shap_computed,"Phase 10 post-simulation ML decision-support analysis only; labels are derived from simulation outputs and do not prove real-world calibration, publication readiness, final-study readiness, formal acceptance, or operational forecasting."
policy_id=lastmile_capacity_severe,0,shap_computed,"Phase 10 post-simulation ML decision-support analysis only; labels are derived from simulation outputs and do not prove real-world calibration, publication readiness, final-study readiness, formal acceptance, or operational forecasting."
policy_id=moderate_congestion_multimodal,0,shap_computed,"Phase 10 post-simulation ML decision-support analysis only; labels are derived from simulation outputs and do not prove real-world calibration, publication readiness, final-study readiness, formal acceptance, or operational forecasting."
policy_id=multimodal_increased_feeder_capacity,0,shap_computed,"Phase 10 post-simulation ML decision-support analysis only; labels are derived from simulation outputs and do not prove real-world calibration, publication readiness, final-study readiness, formal acceptance, or operational forecasting."
policy_id=multimodal_lastmile_redundancy,0,shap_computed,"Phase 10 post-simulation ML decision-support analysis only; labels are derived from simulation outputs and do not prove real-world calibration, publication readiness, final-study readiness, formal acceptance, or operational forecasting."
policy_id=staggered_or_adaptive_dispatch,0,shap_computed,"Phase 10 post-simulation ML decision-support analysis only; labels are derived from simulation outputs and do not prove real-world calibration, publication readiness, final-study readiness, formal acceptance, or operational forecasting."
policy_id=transfer_stress_mild,0,shap_computed,"Phase 10 post-simulation ML decision-support analysis only; labels are derived from simulation outputs and do not prove real-world calibration, publication readiness, final-study readiness, formal acceptance, or operational forecasting."
policy_id=transfer_stress_moderate,0,shap_computed,"Phase 10 post-simulation ML decision-support analysis only; labels are derived from simulation outputs and do not prove real-world calibration, publication readiness, final-study readiness, formal acceptance, or operational forecasting."
scenario_family=access_road,0,shap_computed,"Phase 10 post-simulation ML decision-support analysis only; labels are derived from simulation outputs and do not prove real-world calibration, publication readiness, final-study readiness, formal acceptance, or operational forecasting."
scenario_family=critical_link,0,shap_computed,"Phase 10 post-simulation ML decision-support analysis only; labels are derived from simulation outputs and do not prove real-world calibration, publication readiness, final-study readiness, formal acceptance, or operational forecasting."
scenario_family=last_mile,0,shap_computed,"Phase 10 post-simulation ML decision-support analysis only; labels are derived from simulation outputs and do not prove real-world calibration, publication readiness, final-study readiness, formal acceptance, or operational forecasting."
scenario_type=none,0,shap_computed,"Phase 10 post-simulation ML decision-support analysis only; labels are derived from simulation outputs and do not prove real-world calibration, publication readiness, final-study readiness, formal acceptance, or operational forecasting."
